Rk,Player,Nation,Pos,Squad,Age,Born,90s,Standard_Gls,Standard_Sh,Standard_SoT,Standard_SoT%,Standard_Sh/90,Standard_SoT/90,Standard_G/Sh,Standard_G/SoT,Standard_PK,Standard_PKatt,league,season
1,Paxten Aaronson,us USA,MF,Eintracht Frankfurt,18,2003,1.9,0,4,1,25.0,2.08,0.52,0.0,0.0,0,0,bundesliga,2022-2023
2,Sargis Adamyan,am ARM,FW,Köln,29,1993,7.2,1,21,12,57.1,2.93,1.68,0.05,0.08,0,0,bundesliga,2022-2023
3,Karim Adeyemi,de GER,"MF,FW",Dortmund,20,2002,15.4,6,37,14,37.8,2.4,0.91,0.16,0.43,0,1,bundesliga,2022-2023
4,Amine Adli,ma MAR,"FW,MF",Leverkusen,22,2000,15.9,5,37,17,45.9,2.32,1.07,0.14,0.29,0,0,bundesliga,2022-2023
5,Felix Agu,ng NGA,"DF,MF",Werder Bremen,22,1999,0.5,0,1,0,0.0,1.84,0.0,0.0,,0,0,bundesliga,2022-2023
6,Naouirou Ahamada,fr FRA,MF,Stuttgart,20,2002,15.5,2,16,5,31.3,1.03,0.32,0.13,0.4,0,0,bundesliga,2022-2023
7,Ludovic Ajorque,fr FRA,"FW,MF",Mainz 05,28,1994,13.5,6,32,15,46.9,2.38,1.11,0.19,0.4,0,0,bundesliga,2022-2023
8,Kevin Akpoguma,ng NGA,DF,Hoffenheim,27,1995,21.7,0,8,1,12.5,0.37,0.05,0.0,0.0,0,0,bundesliga,2022-2023
9,Lucas Alario,ar ARG,FW,Eintracht Frankfurt,29,1992,3.7,1,11,4,36.4,2.99,1.09,0.09,0.25,0,0,bundesliga,2022-2023
10,Faride Alidou,de GER,FW,Eintracht Frankfurt,21,2001,2.0,0,2,0,0.0,0.99,0.0,0.0,,0,0,bundesliga,2022-2023
11,Éder Álvarez Balanta,co COL,MF,Schalke 04,29,1993,2.6,0,1,1,100.0,0.38,0.38,0.0,0.0,0,0,bundesliga,2022-2023
12,Lukáš Ambros,cz CZE,MF,Wolfsburg,18,2004,0.2,0,0,0,,0.0,0.0,,,0,0,bundesliga,2022-2023
13,Nadiem Amiri,de GER,"MF,FW",Leverkusen,25,1996,10.9,4,24,9,37.5,2.21,0.83,0.13,0.33,1,1,bundesliga,2022-2023
14,Robert Andrich,de GER,MF,Leverkusen,27,1994,26.7,2,30,9,30.0,1.12,0.34,0.07,0.22,0,0,bundesliga,2022-2023
15,Angeliño,es ESP,MF,Hoffenheim,25,1997,29.1,0,21,4,19.0,0.72,0.14,0.0,0.0,0,0,bundesliga,2022-2023
16,Waldemar Anton,de GER,DF,Stuttgart,26,1996,32.6,1,24,6,25.0,0.74,0.18,0.04,0.17,0,0,bundesliga,2022-2023
17,Christopher Antwi-Adjei,gh GHA,"FW,MF",Bochum,28,1994,22.0,3,29,8,27.6,1.32,0.36,0.1,0.38,0,0,bundesliga,2022-2023
18,Charles Aránguiz,cl CHI,MF,Leverkusen,33,1989,5.5,1,5,2,40.0,0.91,0.37,0.2,0.5,0,0,bundesliga,2022-2023
19,Maximilian Arnold,de GER,MF,Wolfsburg,28,1994,30.7,5,35,15,42.9,1.14,0.49,0.06,0.13,3,5,bundesliga,2022-2023
20,Takuma Asano,jp JPN,"MF,FW",Bochum,27,1994,19.0,3,52,18,34.6,2.73,0.95,0.06,0.17,0,0,bundesliga,2022-2023
21,Fisnik Asllani,xk KVX,FW,Hoffenheim,19,2002,1.9,0,9,0,0.0,4.85,0.0,0.0,,0,0,bundesliga,2022-2023
22,Mehmet Aydin,de GER,"MF,DF",Schalke 04,20,2002,6.3,0,5,0,0.0,0.79,0.0,0.0,,0,0,bundesliga,2022-2023
23,Ayman Azhil,ma MAR,MF,Leverkusen,21,2001,0.0,0,0,0,,0.0,0.0,,,0,0,bundesliga,2022-2023
24,Sardar Azmoun,ir IRN,"FW,MF",Leverkusen,27,1995,10.3,4,28,10,35.7,2.72,0.97,0.14,0.4,0,0,bundesliga,2022-2023
25,Sanoussy Ba,de GER,FW,RB Leipzig,18,2004,0.0,0,0,0,,0.0,0.0,,,0,0,bundesliga,2022-2023
26,Mitchel Bakker,nl NED,"MF,DF",Leverkusen,22,2000,18.4,3,17,8,47.1,0.92,0.43,0.18,0.38,0,0,bundesliga,2022-2023
27,Ridle Baku,de GER,"DF,MF",Wolfsburg,24,1998,28.7,5,28,12,42.9,0.98,0.42,0.18,0.42,0,0,bundesliga,2022-2023
28,Aymen Barkok,ma MAR,MF,Mainz 05,24,1998,6.5,0,11,2,18.2,1.7,0.31,0.0,0.0,0,0,bundesliga,2022-2023
29,Leandro Barreiro Martins,lu LUX,MF,Mainz 05,22,2000,23.8,4,32,14,43.8,1.35,0.59,0.13,0.29,0,0,bundesliga,2022-2023
30,Gil Bastião Dias,pt POR,FW,Stuttgart,25,1996,4.4,1,10,4,40.0,2.26,0.9,0.1,0.25,0,0,bundesliga,2022-2023
31,Maximilian Bauer,de GER,DF,Augsburg,22,2000,20.5,0,8,0,0.0,0.39,0.0,0.0,,0,0,bundesliga,2022-2023
32,Oliver Baumann,de GER,GK,Hoffenheim,32,1990,34.0,0,0,0,,0.0,0.0,,,0,0,bundesliga,2022-2023
33,Timo Baumgartl,de GER,DF,Union Berlin,26,1996,6.2,0,4,2,50.0,0.64,0.32,0.0,0.0,0,0,bundesliga,2022-2023
34,Julian Baumgartlinger,at AUT,MF,Augsburg,34,1988,6.2,0,3,0,0.0,0.49,0.0,0.0,,0,0,bundesliga,2022-2023
35,Christoph Baumgartner,at AUT,"MF,FW",Hoffenheim,22,1999,28.5,7,65,20,30.8,2.28,0.7,0.11,0.35,0,0,bundesliga,2022-2023
36,Noah Joel Sarenren Bazee,ng NGA,"FW,MF",Augsburg,25,1996,0.2,0,0,0,,0.0,0.0,,,0,0,bundesliga,2022-2023
37,Ihlas Bebou,tg TOG,"FW,MF",Hoffenheim,28,1994,15.7,7,29,14,48.3,1.84,0.89,0.21,0.43,1,1,bundesliga,2022-2023
38,Sheraldo Becker,sr SUR,FW,Union Berlin,27,1995,28.4,11,67,26,38.8,2.36,0.92,0.16,0.42,0,0,bundesliga,2022-2023
39,Kevin Behrens,de GER,FW,Union Berlin,31,1991,17.1,8,35,14,40.0,2.05,0.82,0.23,0.57,0,0,bundesliga,2022-2023
40,Stefan Bell,de GER,DF,Mainz 05,30,1991,26.6,0,7,2,28.6,0.26,0.08,0.0,0.0,0,0,bundesliga,2022-2023
41,Karim Bellarabi,de GER,MF,Leverkusen,32,1990,0.9,0,0,0,,0.0,0.0,,,0,0,bundesliga,2022-2023
42,Jude Bellingham,eng ENG,MF,Dortmund,19,2003,29.9,8,66,26,39.4,2.21,0.87,0.11,0.27,1,1,bundesliga,2022-2023
43,Ramy Bensebaini,dz ALG,DF,Gladbach,27,1995,27.6,6,41,15,36.6,1.49,0.54,0.1,0.27,2,2,bundesliga,2022-2023
44,Mergim Berisha,de GER,FW,Augsburg,24,1998,18.7,9,56,16,28.6,3.0,0.86,0.11,0.38,3,4,bundesliga,2022-2023
45,Ermin Bičakčić,ba BIH,DF,Hoffenheim,32,1990,2.9,0,2,1,50.0,0.68,0.34,0.0,0.0,0,0,bundesliga,2022-2023
46,Tom Bischof,de GER,MF,Hoffenheim,17,2005,3.5,0,7,2,28.6,2.0,0.57,0.0,0.0,0,0,bundesliga,2022-2023
47,Leonardo Bittencourt,de GER,MF,Werder Bremen,28,1993,18.1,3,25,9,36.0,1.38,0.5,0.12,0.33,0,0,bundesliga,2022-2023
48,Janis Blaswich,de GER,GK,RB Leipzig,31,1991,26.0,0,0,0,,0.0,0.0,,,0,0,bundesliga,2022-2023
49,Daley Blind,nl NED,DF,Bayern Munich,32,1990,1.5,0,1,1,100.0,0.67,0.67,0.0,0.0,0,0,bundesliga,2022-2023
50,Kevin-Prince Boateng,gh GHA,MF,Hertha BSC,35,1987,5.2,0,6,0,0.0,1.16,0.0,0.0,,0,0,bundesliga,2022-2023
51,Jean-Paul Boëtius,sr SUR,MF,Hertha BSC,28,1994,11.7,0,5,3,60.0,0.43,0.26,0.0,0.0,0,0,bundesliga,2022-2023
52,Yvandro Borges Sanches,lu LUX,MF,Gladbach,18,2004,0.3,0,1,0,0.0,3.21,0.0,0.0,,0,0,bundesliga,2022-2023
53,Sebastiaan Bornauw,be BEL,DF,Wolfsburg,23,1999,21.4,1,4,3,75.0,0.19,0.14,0.25,0.33,0,0,bundesliga,2022-2023
54,Rafael Borré,co COL,"MF,FW",Eintracht Frankfurt,26,1995,12.0,2,25,9,36.0,2.09,0.75,0.04,0.11,1,1,bundesliga,2022-2023
55,Julian Brandt,de GER,MF,Dortmund,26,1996,26.6,9,42,26,61.9,1.58,0.98,0.21,0.35,0,0,bundesliga,2022-2023
56,Fabian Bredlow,de GER,GK,Stuttgart,27,1995,15.0,0,0,0,,0.0,0.0,,,0,0,bundesliga,2022-2023
57,Josip Brekalo,hr CRO,"MF,FW",Wolfsburg,24,1998,3.0,0,2,1,50.0,0.66,0.33,0.0,0.0,0,0,bundesliga,2022-2023
58,John Brooks,us USA,DF,Hoffenheim,29,1993,15.0,0,7,0,0.0,0.47,0.0,0.0,,0,0,bundesliga,2022-2023
59,Moritz Broschinski,de GER,FW,Bochum,21,2000,2.4,2,5,4,80.0,2.11,1.69,0.4,0.5,0,0,bundesliga,2022-2023
60,Cédric Brunner,ch SUI,DF,Schalke 04,28,1994,25.7,0,10,0,0.0,0.39,0.0,0.0,,0,0,bundesliga,2022-2023
61,Jacob Bruun Larsen,dk DEN,FW,Hoffenheim,23,1998,3.6,1,7,2,28.6,1.92,0.55,0.14,0.5,0,0,bundesliga,2022-2023
62,Lee Buchanan,eng ENG,MF,Werder Bremen,21,2001,5.2,1,5,1,20.0,0.95,0.19,0.2,1.0,0,0,bundesliga,2022-2023
63,Marius Bülter,de GER,"MF,FW",Schalke 04,29,1993,28.9,11,68,27,39.7,2.36,0.94,0.1,0.26,4,4,bundesliga,2022-2023
64,Delano Burgzorg,sr SUR,"FW,MF",Mainz 05,23,1998,2.7,0,4,2,50.0,1.48,0.74,0.0,0.0,0,0,bundesliga,2022-2023
65,Jonathan Burkardt,de GER,"MF,FW",Mainz 05,22,2000,5.9,1,21,7,33.3,3.55,1.18,0.05,0.14,0,1,bundesliga,2022-2023
66,Oliver Burke,sct SCO,FW,Werder Bremen,25,1997,3.0,2,8,5,62.5,2.69,1.68,0.25,0.4,0,0,bundesliga,2022-2023
67,Aurélio Buta,pt POR,MF,Eintracht Frankfurt,25,1997,14.6,3,9,4,44.4,0.61,0.27,0.33,0.75,0,0,bundesliga,2022-2023
68,Anthony Caci,fr FRA,"MF,DF",Mainz 05,25,1997,22.6,2,10,4,40.0,0.44,0.18,0.2,0.5,0,0,bundesliga,2022-2023
69,Kerim Calhanoglu,de GER,DF,Schalke 04,19,2002,0.7,0,1,0,0.0,1.43,0.0,0.0,,0,0,bundesliga,2022-2023
70,Daniel Caligiuri,it ITA,MF,Augsburg,34,1988,3.2,1,6,2,33.3,1.86,0.62,0.17,0.5,0,0,bundesliga,2022-2023
71,Emre Can,de GER,MF,Dortmund,28,1994,21.1,2,17,3,17.6,0.81,0.14,0.06,0.33,1,1,bundesliga,2022-2023
72,João Cancelo,pt POR,"DF,MF",Bayern Munich,28,1994,11.2,1,12,4,33.3,1.07,0.36,0.08,0.25,0,0,bundesliga,2022-2023
73,Irvin Cardona,mt MLT,"FW,MF",Augsburg,24,1997,3.5,1,9,4,44.4,2.55,1.13,0.11,0.25,0,0,bundesliga,2022-2023
74,Koen Casteels,be BEL,GK,Wolfsburg,30,1992,34.0,0,1,0,0.0,0.03,0.0,0.0,,0,0,bundesliga,2022-2023
75,Julian Chabot,de GER,DF,Köln,24,1998,20.0,0,14,4,28.6,0.7,0.2,0.0,0.0,0,0,bundesliga,2022-2023
76,Timothy Chandler,us USA,"DF,MF",Eintracht Frankfurt,32,1990,1.0,0,0,0,,0.0,0.0,,,0,0,bundesliga,2022-2023
77,Fabio Chiarodia,it ITA,DF,Werder Bremen,17,2005,0.7,0,0,0,,0.0,0.0,,,0,0,bundesliga,2022-2023
78,Oliver Christensen,dk DEN,GK,Hertha BSC,23,1999,33.0,0,0,0,,0.0,0.0,,,0,0,bundesliga,2022-2023
79,Darko Churlinov,mk MKD,"FW,MF",Stuttgart,22,2000,0.3,0,0,0,,0.0,0.0,,,0,0,bundesliga,2022-2023
80,Tolga Ciğerci,tr TUR,MF,Hertha BSC,30,1992,7.5,0,9,3,33.3,1.21,0.4,0.0,0.0,0,0,bundesliga,2022-2023
81,David Čolina,hr CRO,"DF,MF",Augsburg,22,2000,1.8,1,1,1,100.0,0.54,0.54,1.0,1.0,0,0,bundesliga,2022-2023
82,Kingsley Coman,fr FRA,MF,Bayern Munich,26,1996,15.7,8,49,18,36.7,3.13,1.15,0.16,0.44,0,0,bundesliga,2022-2023
83,Danny da Costa,de GER,MF,Mainz 05,29,1993,13.7,0,7,1,14.3,0.51,0.07,0.0,0.0,0,0,bundesliga,2022-2023
84,Soumaïla Coulibaly,fr FRA,DF,Dortmund,18,2003,0.5,0,0,0,,0.0,0.0,,,0,0,bundesliga,2022-2023
85,Tanguy Coulibaly,fr FRA,MF,Stuttgart,21,2001,3.6,4,12,7,58.3,3.31,1.93,0.25,0.43,1,1,bundesliga,2022-2023
86,Nicolas Cozza,fr FRA,DF,Wolfsburg,23,1999,1.1,0,0,0,,0.0,0.0,,,0,0,bundesliga,2022-2023
87,Moanes Dabbur,il ISR,FW,Hoffenheim,30,1992,10.4,6,22,14,63.6,2.12,1.35,0.27,0.43,0,0,bundesliga,2022-2023
88,Finn Dahmen,de GER,GK,Mainz 05,24,1998,8.0,0,0,0,,0.0,0.0,,,0,0,bundesliga,2022-2023
89,Mahmoud Dahoud,de GER,MF,Dortmund,26,1996,3.7,0,6,1,16.7,1.6,0.27,0.0,0.0,0,0,bundesliga,2022-2023
90,Muhammed Damar,de GER,MF,Hoffenheim,18,2004,1.8,0,1,0,0.0,0.57,0.0,0.0,,0,0,bundesliga,2022-2023
91,Márton Dárdai,hu HUN,"DF,MF",Hertha BSC,20,2002,10.5,1,2,1,50.0,0.19,0.1,0.5,1.0,0,0,bundesliga,2022-2023
92,Vladimír Darida,cz CZE,MF,Hertha BSC,31,1990,0.3,0,0,0,,0.0,0.0,,,0,0,bundesliga,2022-2023
93,Alphonso Davies,ca CAN,"DF,MF",Bayern Munich,21,2000,22.7,1,19,8,42.1,0.84,0.35,0.05,0.13,0,0,bundesliga,2022-2023
94,Thomas Delaney,dk DEN,MF,Hoffenheim,30,1991,3.3,0,1,0,0.0,0.3,0.0,0.0,,0,0,bundesliga,2022-2023
95,Kerem Demirbay,de GER,MF,Leverkusen,29,1993,17.2,4,31,6,19.4,1.81,0.35,0.13,0.67,0,0,bundesliga,2022-2023
96,Ermedin Demirović,ba BIH,"FW,MF",Augsburg,24,1998,26.3,8,63,24,38.1,2.4,0.91,0.11,0.29,1,1,bundesliga,2022-2023
97,Sepp van den Berg,nl NED,DF,Schalke 04,20,2001,7.7,1,5,1,20.0,0.65,0.13,0.2,1.0,0,0,bundesliga,2022-2023
98,Moussa Diaby,fr FRA,"FW,MF",Leverkusen,23,1999,30.0,9,80,35,43.8,2.67,1.17,0.11,0.26,0,1,bundesliga,2022-2023
99,Abdou Diallo,sn SEN,"DF,MF",RB Leipzig,26,1996,5.3,1,4,1,25.0,0.75,0.19,0.25,1.0,0,0,bundesliga,2022-2023
100,Justin Diehl,de GER,MF,Köln,17,2004,0.2,0,0,0,,0.0,0.0,,,0,0,bundesliga,2022-2023
101,Florian Dietz,de GER,FW,Köln,23,1998,4.4,1,17,6,35.3,3.87,1.37,0.06,0.17,0,0,bundesliga,2022-2023
102,Junior Dina Ebimbe,cm CMR,MF,Eintracht Frankfurt,21,2000,11.8,3,26,10,38.5,2.2,0.85,0.12,0.3,0,0,bundesliga,2022-2023
103,Eren Dinkçi,de GER,MF,Werder Bremen,20,2001,2.6,0,6,0,0.0,2.34,0.0,0.0,,0,0,bundesliga,2022-2023
104,Ritsu Doan,jp JPN,"MF,FW",Freiburg,24,1998,26.9,5,57,27,47.4,2.12,1.0,0.09,0.19,0,0,bundesliga,2022-2023
105,Danilho Doekhi,nl NED,DF,Union Berlin,24,1998,24.6,5,17,10,58.8,0.69,0.41,0.29,0.5,0,0,bundesliga,2022-2023
106,Kasper Dolberg,dk DEN,FW,Hoffenheim,24,1997,4.5,1,7,3,42.9,1.57,0.67,0.14,0.33,0,0,bundesliga,2022-2023
107,Niklas Dorsch,de GER,MF,Augsburg,24,1998,5.4,0,0,0,,0.0,0.0,,,0,0,bundesliga,2022-2023
108,Dion Drena Beljo,hr CRO,FW,Augsburg,20,2002,12.5,3,12,5,41.7,0.96,0.4,0.25,0.6,0,0,bundesliga,2022-2023
109,Dominick Drexler,de GER,MF,Schalke 04,32,1990,15.2,4,16,6,37.5,1.05,0.4,0.25,0.67,0,0,bundesliga,2022-2023
110,Marvin Ducksch,de GER,FW,Werder Bremen,28,1994,31.7,12,94,44,46.8,2.97,1.39,0.13,0.27,0,1,bundesliga,2022-2023
111,Ondrej Duda,sk SVK,MF,Köln,27,1994,7.7,0,12,3,25.0,1.57,0.39,0.0,0.0,0,0,bundesliga,2022-2023
112,Julien Duranville,be BEL,FW,Dortmund,16,2006,0.3,0,1,0,0.0,3.1,0.0,0.0,,0,0,bundesliga,2022-2023
113,Maximilian Eggestein,de GER,MF,Freiburg,25,1996,27.2,1,16,4,25.0,0.59,0.15,0.06,0.25,0,0,bundesliga,2022-2023
114,Lilian Egloff,de GER,"MF,FW",Stuttgart,19,2002,2.7,0,8,0,0.0,2.99,0.0,0.0,,0,0,bundesliga,2022-2023
115,Kingsley Ehizibue,nl NED,DF,Köln,27,1995,0.7,0,1,1,100.0,1.48,1.48,0.0,0.0,0,0,bundesliga,2022-2023
116,Julian Eitschberger,de GER,"DF,MF",Hertha BSC,18,2004,0.0,0,0,0,,0.0,0.0,,,0,0,bundesliga,2022-2023
117,Chidera Ejuke,ng NGA,"FW,MF",Hertha BSC,24,1998,9.9,0,24,6,25.0,2.43,0.61,0.0,0.0,0,0,bundesliga,2022-2023
118,Nico Elvedi,ch SUI,DF,Gladbach,25,1996,31.4,3,18,9,50.0,0.57,0.29,0.17,0.33,0,0,bundesliga,2022-2023
119,Wataru Endo,jp JPN,MF,Stuttgart,29,1993,32.5,5,45,16,35.6,1.39,0.49,0.11,0.31,0,0,bundesliga,2022-2023
120,Arne Engels,be BEL,MF,Augsburg,18,2003,16.0,0,17,2,11.8,1.06,0.12,0.0,0.0,0,0,bundesliga,2022-2023
121,Tjark Ernst,de GER,GK,Hertha BSC,19,2003,1.0,0,0,0,,0.0,0.0,,,0,0,bundesliga,2022-2023
122,Kimberly Ezekwem,de GER,DF,Freiburg,21,2001,0.1,0,0,0,,0.0,0.0,,,0,0,bundesliga,2022-2023
123,Ralf Fährmann,de GER,GK,Schalke 04,33,1988,11.4,0,0,0,,0.0,0.0,,,0,0,bundesliga,2022-2023
124,Ohis Felix Uduokhai,de GER,DF,Augsburg,24,1997,16.1,0,4,1,25.0,0.25,0.06,0.0,0.0,0,0,bundesliga,2022-2023
125,Edimilson Fernandes,ch SUI,DF,Mainz 05,26,1996,27.1,0,15,3,20.0,0.55,0.11,0.0,0.0,0,0,bundesliga,2022-2023
126,Kilian Fischer,de GER,DF,Wolfsburg,21,2000,5.6,0,3,1,33.3,0.54,0.18,0.0,0.0,0,0,bundesliga,2022-2023
127,Mark Flekken,nl NED,GK,Freiburg,29,1993,34.0,0,0,0,,0.0,0.0,,,0,0,bundesliga,2022-2023
128,Florian Flick,de GER,MF,Schalke 04,22,2000,5.7,0,2,1,50.0,0.35,0.18,0.0,0.0,0,0,bundesliga,2022-2023
129,Emil Forsberg,se SWE,"MF,FW",RB Leipzig,30,1991,16.5,6,23,11,47.8,1.4,0.67,0.17,0.36,2,2,bundesliga,2022-2023
130,Philipp Förster,de GER,MF,Bochum,27,1995,14.5,3,17,6,35.3,1.17,0.41,0.18,0.5,0,0,bundesliga,2022-2023
131,Timothy Fosu-Mensah,nl NED,MF,Leverkusen,24,1998,2.1,0,3,2,66.7,1.41,0.94,0.0,0.0,0,0,bundesliga,2022-2023
132,Raphael Framberger,de GER,"MF,DF",Augsburg,26,1995,2.0,0,0,0,,0.0,0.0,,,0,0,bundesliga,2022-2023
133,Bartol Franjić,hr CRO,MF,Wolfsburg,22,2000,2.5,0,2,2,100.0,0.79,0.79,0.0,0.0,0,0,bundesliga,2022-2023
134,Oscar Fraulo,dk DEN,MF,Gladbach,18,2003,0.1,0,0,0,,0.0,0.0,,,0,0,bundesliga,2022-2023
135,Michael Frey,ch SUI,FW,Schalke 04,28,1994,9.6,0,27,10,37.0,2.8,1.04,0.0,0.0,0,0,bundesliga,2022-2023
136,Marco Friedl,at AUT,DF,Werder Bremen,24,1998,28.8,0,6,1,16.7,0.21,0.03,0.0,0.0,0,0,bundesliga,2022-2023
137,Marvin Friedrich,de GER,DF,Gladbach,26,1995,13.9,1,9,4,44.4,0.65,0.29,0.11,0.25,0,0,bundesliga,2022-2023
138,Jeremie Frimpong,nl NED,"MF,DF",Leverkusen,21,2000,30.1,8,38,19,50.0,1.26,0.63,0.21,0.42,0,0,bundesliga,2022-2023
139,Chris Führich,de GER,"MF,FW",Stuttgart,24,1998,20.9,5,44,14,31.8,2.1,0.67,0.09,0.29,1,1,bundesliga,2022-2023
140,Angelo Fulgini,fr FRA,MF,Mainz 05,25,1996,5.8,0,8,4,50.0,1.37,0.69,0.0,0.0,0,0,bundesliga,2022-2023
141,Niclas Füllkrug,de GER,FW,Werder Bremen,29,1993,27.5,16,80,37,46.3,2.91,1.34,0.14,0.3,5,5,bundesliga,2022-2023
142,Cristian Gamboa,cr CRC,DF,Bochum,32,1989,16.4,0,8,1,12.5,0.49,0.06,0.0,0.0,0,0,bundesliga,2022-2023
143,Silvère Ganvoula M'Boussy,cg CGO,FW,Bochum,26,1996,2.7,0,9,3,33.3,3.28,1.09,0.0,0.0,0,0,bundesliga,2022-2023
144,Dario Gebuhr,de GER,DF,Eintracht Frankfurt,19,2003,0.2,0,0,0,,0.0,0.0,,,0,0,bundesliga,2022-2023
145,Dennis Geiger,de GER,MF,Hoffenheim,24,1998,21.7,1,5,3,60.0,0.23,0.14,0.2,0.33,0,0,bundesliga,2022-2023
146,Yannick Gerhardt,de GER,MF,Wolfsburg,28,1994,20.7,6,26,12,46.2,1.25,0.58,0.23,0.5,0,0,bundesliga,2022-2023
147,Niko Gießelmann,de GER,MF,Union Berlin,30,1991,14.5,0,20,3,15.0,1.38,0.21,0.0,0.0,0,0,bundesliga,2022-2023
148,Rafał Gikiewicz,pl POL,GK,Augsburg,34,1987,23.0,0,0,0,,0.0,0.0,,,0,0,bundesliga,2022-2023
149,Matthias Ginter,de GER,DF,Freiburg,28,1994,34.0,4,21,12,57.1,0.62,0.35,0.19,0.33,0,0,bundesliga,2022-2023
150,Jamie Gittens,eng ENG,"MF,FW",Dortmund,17,2004,5.9,3,24,11,45.8,4.05,1.86,0.13,0.27,0,0,bundesliga,2022-2023
151,Serge Gnabry,de GER,"MF,FW",Bayern Munich,27,1995,21.6,14,82,41,50.0,3.8,1.9,0.16,0.32,1,1,bundesliga,2022-2023
152,Jacek Góralski,pl POL,MF,Bochum,29,1992,1.6,0,0,0,,0.0,0.0,,,0,0,bundesliga,2022-2023
153,Leon Goretzka,de GER,MF,Bayern Munich,27,1995,19.2,3,40,13,32.5,2.08,0.68,0.08,0.23,0,0,bundesliga,2022-2023
154,Mario Götze,de GER,MF,Eintracht Frankfurt,30,1992,30.4,3,26,9,34.6,0.85,0.3,0.12,0.33,0,0,bundesliga,2022-2023
155,Jeffrey Gouweleeuw,nl NED,DF,Augsburg,31,1991,31.1,0,15,5,33.3,0.48,0.16,0.0,0.0,0,0,bundesliga,2022-2023
156,Ryan Gravenberch,nl NED,MF,Bayern Munich,20,2002,6.4,0,11,3,27.3,1.72,0.47,0.0,0.0,0,0,bundesliga,2022-2023
157,Michael Gregoritsch,at AUT,FW,Freiburg,28,1994,23.9,10,67,37,55.2,2.8,1.55,0.15,0.27,0,0,bundesliga,2022-2023
158,Leo Greiml,at AUT,DF,Schalke 04,21,2001,4.0,0,1,1,100.0,0.25,0.25,0.0,0.0,0,0,bundesliga,2022-2023
159,Vincenzo Grifo,it ITA,"MF,FW",Freiburg,29,1993,26.8,15,66,33,50.0,2.47,1.23,0.12,0.24,7,8,bundesliga,2022-2023
160,Lennart Grill,de GER,GK,Union Berlin,23,1999,5.0,0,0,0,,0.0,0.0,,,0,0,bundesliga,2022-2023
161,Christian Groß,de GER,MF,Werder Bremen,33,1989,21.0,1,5,1,20.0,0.24,0.05,0.2,1.0,0,0,bundesliga,2022-2023
162,Brajan Gruda,de GER,MF,Mainz 05,18,2004,0.0,0,0,0,,0.0,0.0,,,0,0,bundesliga,2022-2023
163,Ilia Gruev,bg BUL,MF,Werder Bremen,22,2000,17.6,0,6,1,16.7,0.34,0.06,0.0,0.0,0,0,bundesliga,2022-2023
164,Carlos Gruezo,ec ECU,MF,Augsburg,27,1995,10.7,0,2,0,0.0,0.19,0.0,0.0,,0,0,bundesliga,2022-2023
165,Raphaël Guerreiro,pt POR,"DF,MF",Dortmund,28,1993,25.4,4,33,15,45.5,1.3,0.59,0.12,0.27,0,0,bundesliga,2022-2023
166,Josuha Guilavogui,fr FRA,"DF,MF",Wolfsburg,31,1990,13.1,1,6,2,33.3,0.46,0.15,0.17,0.5,0,0,bundesliga,2022-2023
167,Serhou Guirassy,gn GUI,FW,Stuttgart,26,1996,18.3,11,49,21,42.9,2.68,1.15,0.18,0.43,2,2,bundesliga,2022-2023
168,Péter Gulácsi,hu HUN,GK,RB Leipzig,32,1990,6.0,0,0,0,,0.0,0.0,,,0,0,bundesliga,2022-2023
169,Manuel Gulde,de GER,DF,Freiburg,31,1991,7.1,1,2,1,50.0,0.28,0.14,0.5,1.0,0,0,bundesliga,2022-2023
170,Robert Gumny,pl POL,DF,Augsburg,24,1998,22.4,1,9,3,33.3,0.4,0.13,0.11,0.33,0,0,bundesliga,2022-2023
171,Christian Günter,de GER,"DF,MF",Freiburg,29,1993,30.5,1,27,7,25.9,0.88,0.23,0.04,0.14,0,0,bundesliga,2022-2023
172,Joško Gvardiol,hr CRO,DF,RB Leipzig,20,2002,24.1,1,14,4,28.6,0.58,0.17,0.07,0.25,0,0,bundesliga,2022-2023
173,Janik Haberer,de GER,MF,Union Berlin,28,1994,24.3,5,32,14,43.8,1.32,0.58,0.16,0.36,0,0,bundesliga,2022-2023
174,Alexander Hack,de GER,DF,Mainz 05,28,1993,12.6,0,4,1,25.0,0.32,0.08,0.0,0.0,0,0,bundesliga,2022-2023
175,André Hahn,de GER,"MF,FW",Augsburg,31,1990,4.3,2,7,2,28.6,1.61,0.46,0.29,1.0,0,0,bundesliga,2022-2023
176,Amadou Haidara,ml MLI,MF,RB Leipzig,24,1998,15.9,2,19,6,31.6,1.2,0.38,0.11,0.33,0,0,bundesliga,2022-2023
177,Sébastien Haller,ci CIV,FW,Dortmund,28,1994,13.6,9,34,20,58.8,2.5,1.47,0.26,0.45,0,1,bundesliga,2022-2023
178,Marcel Halstenberg,de GER,"DF,MF",RB Leipzig,30,1991,17.3,1,9,4,44.4,0.52,0.23,0.11,0.25,0,0,bundesliga,2022-2023
179,Andreas Hanche-Olsen,no NOR,DF,Mainz 05,25,1997,16.6,1,7,2,28.6,0.42,0.12,0.14,0.5,0,0,bundesliga,2022-2023
180,Genki Haraguchi,jp JPN,MF,Stuttgart,31,1991,8.3,0,5,1,20.0,0.6,0.12,0.0,0.0,0,0,bundesliga,2022-2023
181,Genki Haraguchi,jp JPN,MF,Union Berlin,31,1991,5.5,0,6,1,16.7,1.08,0.18,0.0,0.0,0,0,bundesliga,2022-2023
182,Makoto Hasebe,jp JPN,DF,Eintracht Frankfurt,38,1984,14.5,0,0,0,,0.0,0.0,,,0,0,bundesliga,2022-2023
183,Thorgan Hazard,be BEL,"MF,DF",Dortmund,29,1993,5.2,0,8,3,37.5,1.55,0.58,0.0,0.0,0,0,bundesliga,2022-2023
184,Jonas Hector,de GER,DF,Köln,32,1990,31.4,0,25,5,20.0,0.8,0.16,0.0,0.0,0,0,bundesliga,2022-2023
185,Dominique Heintz,de GER,DF,Bochum,28,1993,8.8,0,4,1,25.0,0.45,0.11,0.0,0.0,0,0,bundesliga,2022-2023
186,Benjamin Henrichs,de GER,"DF,MF",RB Leipzig,25,1997,24.3,2,31,4,12.9,1.28,0.16,0.06,0.5,0,0,bundesliga,2022-2023
187,Lucas Hernández,fr FRA,DF,Bayern Munich,26,1996,5.3,0,0,0,,0.0,0.0,,,0,0,bundesliga,2022-2023
188,Patrick Herrmann,de GER,"FW,MF",Gladbach,31,1991,1.8,1,6,2,33.3,3.29,1.1,0.17,0.5,0,0,bundesliga,2022-2023
189,Piero Hincapié,ec ECU,"DF,MF",Leverkusen,20,2002,27.3,1,17,6,35.3,0.62,0.22,0.06,0.17,0,0,bundesliga,2022-2023
190,Adam Hložek,cz CZE,"FW,MF",Leverkusen,20,2002,14.3,5,30,11,36.7,2.1,0.77,0.17,0.45,0,0,bundesliga,2022-2023
191,Nicolas Höfler,de GER,MF,Freiburg,32,1990,31.3,0,21,5,23.8,0.67,0.16,0.0,0.0,0,0,bundesliga,2022-2023
192,Jonas Hofmann,de GER,MF,Gladbach,30,1992,29.8,12,45,24,53.3,1.51,0.81,0.27,0.5,0,1,bundesliga,2022-2023
193,Philipp Hofmann,de GER,FW,Bochum,29,1993,29.2,8,52,21,40.4,1.78,0.72,0.15,0.38,0,0,bundesliga,2022-2023
194,Lucas Höler,de GER,"FW,MF",Freiburg,28,1994,16.7,5,30,15,50.0,1.8,0.9,0.17,0.33,0,0,bundesliga,2022-2023
195,Gerrit Holtmann,ph PHI,"MF,FW",Bochum,27,1995,10.5,1,31,14,45.2,2.95,1.33,0.03,0.07,0,0,bundesliga,2022-2023
196,Jannes Horn,de GER,DF,Bochum,25,1997,0.7,0,0,0,,0.0,0.0,,,0,0,bundesliga,2022-2023
197,Lukáš Hrádecký,fi FIN,GK,Leverkusen,32,1989,33.0,0,0,0,,0.0,0.0,,,0,0,bundesliga,2022-2023
198,Timo Hübers,de GER,DF,Köln,26,1996,28.4,3,15,7,46.7,0.53,0.25,0.2,0.43,0,0,bundesliga,2022-2023
199,Callum Hudson-Odoi,eng ENG,"MF,FW",Leverkusen,21,2000,6.7,0,4,1,25.0,0.6,0.15,0.0,0.0,0,0,bundesliga,2022-2023
200,Mats Hummels,de GER,DF,Dortmund,33,1988,22.4,1,17,3,17.6,0.76,0.13,0.06,0.33,0,0,bundesliga,2022-2023
201,Denis Huseinbasic,ba BIH,"MF,FW",Köln,21,2001,8.8,4,16,4,25.0,1.82,0.46,0.25,1.0,0,0,bundesliga,2022-2023
202,Iago,br BRA,"DF,MF",Augsburg,25,1997,17.8,0,9,0,0.0,0.51,0.0,0.0,,0,0,bundesliga,2022-2023
203,Arijon Ibrahimović,de GER,MF,Bayern Munich,16,2005,0.2,0,2,2,100.0,12.86,12.86,0.0,0.0,0,0,bundesliga,2022-2023
204,Marcus Ingvartsen,dk DEN,"MF,FW",Mainz 05,26,1996,14.6,10,36,17,47.2,2.47,1.16,0.17,0.35,4,4,bundesliga,2022-2023
205,Ko Itakura,jp JPN,DF,Gladbach,25,1997,22.0,0,11,4,36.4,0.5,0.18,0.0,0.0,0,0,bundesliga,2022-2023
206,Hiroki Ito,jp JPN,DF,Stuttgart,23,1999,28.5,1,21,7,33.3,0.74,0.25,0.05,0.14,0,0,bundesliga,2022-2023
207,Andreas Ivan,ro ROU,MF,Schalke 04,27,1995,0.5,0,1,0,0.0,1.96,0.0,0.0,,0,0,bundesliga,2022-2023
208,Lee Jae-sung,kr KOR,MF,Mainz 05,29,1992,21.0,7,35,17,48.6,1.66,0.81,0.2,0.41,0,0,bundesliga,2022-2023
209,Paul Jaeckel,de GER,DF,Union Berlin,24,1998,13.3,1,2,2,100.0,0.15,0.15,0.5,0.5,0,0,bundesliga,2022-2023
210,Kristijan Jakić,hr CRO,"DF,MF",Eintracht Frankfurt,25,1997,16.2,1,8,4,50.0,0.49,0.25,0.13,0.25,0,0,bundesliga,2022-2023
211,Saidy Janko,gm GAM,DF,Bochum,26,1995,12.6,0,1,0,0.0,0.08,0.0,0.0,,0,0,bundesliga,2022-2023
212,Tony Jantschke,de GER,DF,Gladbach,32,1990,1.1,0,0,0,,0.0,0.0,,,0,0,bundesliga,2022-2023
213,Fredrik Jensen,fi FIN,"FW,MF",Augsburg,24,1997,10.3,2,11,3,27.3,1.07,0.29,0.18,0.67,0,0,bundesliga,2022-2023
214,Moritz Jenz,de GER,DF,Schalke 04,23,1999,10.5,0,10,3,30.0,0.95,0.29,0.0,0.0,0,0,bundesliga,2022-2023
215,Stevan Jovetić,me MNE,FW,Hertha BSC,32,1989,9.9,4,27,6,22.2,2.72,0.61,0.15,0.67,0,0,bundesliga,2022-2023
216,Anthony Jung,de GER,MF,Werder Bremen,30,1991,29.1,2,17,6,35.3,0.58,0.21,0.12,0.33,0,0,bundesliga,2022-2023
217,Josip Juranović,hr CRO,MF,Union Berlin,26,1995,10.4,2,7,2,28.6,0.67,0.19,0.14,0.5,1,1,bundesliga,2022-2023
218,Ozan Kabak,tr TUR,DF,Hoffenheim,22,2000,26.5,2,24,6,25.0,0.9,0.23,0.08,0.33,0,0,bundesliga,2022-2023
219,Pavel Kadeřábek,cz CZE,MF,Hoffenheim,30,1992,18.5,1,8,1,12.5,0.43,0.05,0.13,1.0,0,0,bundesliga,2022-2023
220,Florian Kainz,at AUT,MF,Köln,29,1992,26.0,6,54,22,40.7,2.07,0.84,0.06,0.14,3,3,bundesliga,2022-2023
221,Sasa Kalajdzic,at AUT,FW,Stuttgart,25,1997,2.6,0,5,1,20.0,1.93,0.39,0.0,0.0,0,0,bundesliga,2022-2023
222,Daichi Kamada,jp JPN,MF,Eintracht Frankfurt,25,1996,25.2,9,44,15,34.1,1.75,0.6,0.14,0.4,3,3,bundesliga,2022-2023
223,Jakub Kamiński,pl POL,"MF,FW",Wolfsburg,20,2002,22.9,4,39,16,41.0,1.71,0.7,0.1,0.25,0,0,bundesliga,2022-2023
224,Marcin Kamiński,pl POL,DF,Schalke 04,30,1992,7.0,2,4,2,50.0,0.57,0.28,0.5,1.0,0,0,bundesliga,2022-2023
225,Kevin Kampl,si SVN,MF,RB Leipzig,31,1990,15.2,2,7,2,28.6,0.46,0.13,0.29,1.0,0,0,bundesliga,2022-2023
226,Wilfried Kanga,ci CIV,FW,Hertha BSC,24,1998,15.7,2,25,9,36.0,1.59,0.57,0.08,0.22,0,0,bundesliga,2022-2023
227,Kenan Karaman,tr TUR,"MF,FW",Schalke 04,28,1994,10.8,1,22,9,40.9,2.03,0.83,0.05,0.11,0,0,bundesliga,2022-2023
228,Atakan Karazor,tr TUR,MF,Stuttgart,25,1996,21.8,0,6,0,0.0,0.28,0.0,0.0,,0,0,bundesliga,2022-2023
229,Thomas Kastanaras,gr GRE,MF,Stuttgart,19,2003,0.8,0,2,1,50.0,2.5,1.25,0.0,0.0,0,0,bundesliga,2022-2023
230,Silas Katompa,cd COD,"FW,MF",Stuttgart,23,1998,22.1,5,43,18,41.9,1.94,0.81,0.09,0.22,1,1,bundesliga,2022-2023
231,Yannik Keitel,de GER,MF,Freiburg,22,2000,7.6,0,4,3,75.0,0.53,0.4,0.0,0.0,0,0,bundesliga,2022-2023
232,Marc-Oliver Kempf,de GER,DF,Hertha BSC,27,1995,30.1,1,16,5,31.3,0.53,0.17,0.06,0.2,0,0,bundesliga,2022-2023
233,Jonjoe Kenny,eng ENG,DF,Hertha BSC,25,1997,24.9,0,6,1,16.7,0.24,0.04,0.0,0.0,0,0,bundesliga,2022-2023
234,Rani Khedira,de GER,MF,Union Berlin,28,1994,32.0,2,24,3,12.5,0.75,0.09,0.08,0.67,0,0,bundesliga,2022-2023
235,Luca Kilian,de GER,DF,Köln,22,1999,12.5,1,4,1,25.0,0.32,0.08,0.25,1.0,0,0,bundesliga,2022-2023
236,Joshua Kimmich,de GER,MF,Bayern Munich,27,1995,31.2,5,28,12,42.9,0.9,0.38,0.14,0.33,1,1,bundesliga,2022-2023
237,Pascal Klemens,de GER,DF,Hertha BSC,17,2005,1.0,0,0,0,,0.0,0.0,,,0,0,bundesliga,2022-2023
238,Lukas Klostermann,de GER,DF,RB Leipzig,26,1996,10.1,0,6,1,16.7,0.6,0.1,0.0,0.0,0,0,bundesliga,2022-2023
239,Ansgar Knauff,de GER,MF,Eintracht Frankfurt,20,2002,14.3,1,15,7,46.7,1.05,0.49,0.07,0.14,0,0,bundesliga,2022-2023
240,Robin Knoche,de GER,DF,Union Berlin,30,1992,31.9,2,10,2,20.0,0.31,0.06,0.1,0.5,1,2,bundesliga,2022-2023
241,Gregor Kobel,ch SUI,GK,Dortmund,24,1997,27.0,0,0,0,,0.0,0.0,,,0,0,bundesliga,2022-2023
242,Dominik Kohr,de GER,MF,Mainz 05,28,1994,25.5,3,39,8,20.5,1.53,0.31,0.08,0.38,0,0,bundesliga,2022-2023
243,Randal Kolo Muani,fr FRA,FW,Eintracht Frankfurt,23,1998,29.2,15,77,32,41.6,2.63,1.09,0.17,0.41,2,2,bundesliga,2022-2023
244,Timothée Kolodziejczak,fr FRA,DF,Schalke 04,30,1991,0.3,0,0,0,,0.0,0.0,,,0,0,bundesliga,2022-2023
245,Manu Koné,fr FRA,MF,Gladbach,21,2001,29.0,1,26,14,53.8,0.9,0.48,0.04,0.07,0,0,bundesliga,2022-2023
246,Odilon Kossounou,ci CIV,DF,Leverkusen,21,2001,16.9,0,3,0,0.0,0.18,0.0,0.0,,0,0,bundesliga,2022-2023
247,Filip Kostić,rs SRB,MF,Eintracht Frankfurt,29,1992,0.8,0,1,0,0.0,1.22,0.0,0.0,,0,0,bundesliga,2022-2023
248,Tomáš Koubek,cz CZE,GK,Augsburg,29,1992,11.0,0,0,0,,0.0,0.0,,,0,0,bundesliga,2022-2023
249,Soichiro Kozuki,jp JPN,MF,Schalke 04,21,2000,4.2,1,14,6,42.9,3.32,1.42,0.07,0.17,0,0,bundesliga,2022-2023
250,Alex Král,cz CZE,MF,Schalke 04,24,1998,26.2,0,32,2,6.3,1.22,0.08,0.0,0.0,0,0,bundesliga,2022-2023
251,Andrej Kramarić,hr CRO,"MF,FW",Hoffenheim,31,1991,26.5,12,63,26,41.3,2.38,0.98,0.13,0.31,4,6,bundesliga,2022-2023
252,Christoph Kramer,de GER,MF,Gladbach,31,1991,24.7,0,6,1,16.7,0.24,0.04,0.0,0.0,0,0,bundesliga,2022-2023
253,Tom Krauß,de GER,MF,Schalke 04,21,2001,27.9,2,25,9,36.0,0.89,0.32,0.08,0.22,0,0,bundesliga,2022-2023
254,Max Kruse,de GER,MF,Wolfsburg,34,1988,3.0,0,9,2,22.2,2.98,0.66,0.0,0.0,0,0,bundesliga,2022-2023
255,Lukas Kübler,de GER,"DF,MF",Freiburg,29,1992,18.2,2,9,5,55.6,0.49,0.27,0.22,0.4,0,0,bundesliga,2022-2023
256,Pierre Kunde,cm CMR,MF,Bochum,27,1995,4.2,1,4,1,25.0,0.95,0.24,0.25,1.0,0,0,bundesliga,2022-2023
257,Alou Kuol,au AUS,FW,Stuttgart,21,2000,0.1,0,0,0,,0.0,0.0,,,0,0,bundesliga,2022-2023
258,Daniel Kyereh,gh GHA,"MF,FW",Freiburg,26,1996,6.2,2,12,5,41.7,1.93,0.81,0.17,0.4,0,0,bundesliga,2022-2023
259,Maxence Lacroix,fr FRA,DF,Wolfsburg,22,2000,18.1,1,4,1,25.0,0.22,0.06,0.25,1.0,0,0,bundesliga,2022-2023
260,Aïssa Laïdouni,tn TUN,MF,Union Berlin,25,1996,9.7,2,6,2,33.3,0.62,0.21,0.33,1.0,0,0,bundesliga,2022-2023
261,Konrad Laimer,at AUT,MF,RB Leipzig,25,1997,16.3,3,20,10,50.0,1.23,0.61,0.15,0.3,0,0,bundesliga,2022-2023
262,Stefan Lainer,at AUT,"DF,MF",Gladbach,29,1992,9.1,0,6,4,66.7,0.66,0.44,0.0,0.0,0,0,bundesliga,2022-2023
263,Vassilis Lambropoulos,gr GRE,DF,Bochum,32,1990,7.0,0,6,0,0.0,0.86,0.0,0.0,,0,0,bundesliga,2022-2023
264,Jordan Larsson,se SWE,MF,Schalke 04,25,1997,5.1,0,10,0,0.0,1.94,0.0,0.0,,0,0,bundesliga,2022-2023
265,Danny Latza,de GER,MF,Schalke 04,32,1989,9.5,0,16,2,12.5,1.69,0.21,0.0,0.0,0,0,bundesliga,2022-2023
266,Diogo Leite,pt POR,DF,Union Berlin,23,1999,25.0,0,12,0,0.0,0.48,0.0,0.0,,0,0,bundesliga,2022-2023
267,Maxim Leitsch,de GER,DF,Mainz 05,24,1998,7.4,0,2,1,50.0,0.27,0.14,0.0,0.0,0,0,bundesliga,2022-2023
268,Tim Lemperle,de GER,FW,Köln,20,2002,1.5,0,2,0,0.0,1.36,0.0,0.0,,0,0,bundesliga,2022-2023
269,Christopher Lenz,de GER,"MF,DF",Eintracht Frankfurt,27,1994,14.3,0,12,2,16.7,0.84,0.14,0.0,0.0,0,0,bundesliga,2022-2023
270,Jamie Leweling,de GER,"FW,MF",Union Berlin,21,2001,2.9,1,9,5,55.6,3.06,1.7,0.11,0.2,0,0,bundesliga,2022-2023
271,Philipp Lienhart,at AUT,DF,Freiburg,26,1996,27.8,1,17,3,17.6,0.61,0.11,0.06,0.33,0,0,bundesliga,2022-2023
272,Matthijs de Ligt,nl NED,DF,Bayern Munich,22,1999,26.7,3,24,8,33.3,0.9,0.3,0.13,0.38,0,0,bundesliga,2022-2023
273,Dimitris Limnios,gr GRE,"FW,MF",Köln,24,1998,0.4,0,1,0,0.0,2.31,0.0,0.0,,0,0,bundesliga,2022-2023
274,Jesper Lindstrøm,dk DEN,MF,Eintracht Frankfurt,22,2000,18.7,7,45,19,42.2,2.41,1.02,0.16,0.37,0,0,bundesliga,2022-2023
275,Dejan Ljubicic,at AUT,MF,Köln,24,1997,19.0,5,35,15,42.9,1.84,0.79,0.11,0.27,1,1,bundesliga,2022-2023
276,Anthony Losilla,fr FRA,MF,Bochum,36,1986,30.2,2,27,9,33.3,0.89,0.3,0.07,0.22,0,0,bundesliga,2022-2023
277,Dodi Lukebakio,be BEL,"FW,MF",Hertha BSC,24,1997,26.6,11,64,27,42.2,2.4,1.01,0.09,0.22,5,5,bundesliga,2022-2023
278,Andrey Lunyov,ru RUS,GK,Leverkusen,30,1991,1.0,0,0,0,,0.0,0.0,,,0,0,bundesliga,2022-2023
279,Arne Maier,de GER,MF,Augsburg,23,1999,21.8,5,28,10,35.7,1.29,0.46,0.18,0.5,0,0,bundesliga,2022-2023
280,Linton Maina,de GER,"MF,FW",Köln,23,1999,24.9,3,35,13,37.1,1.41,0.52,0.09,0.23,0,0,bundesliga,2022-2023
281,Donyell Malen,nl NED,"MF,FW",Dortmund,23,1999,19.0,9,63,29,46.0,3.32,1.53,0.14,0.31,0,0,bundesliga,2022-2023
282,Sadio Mané,sn SEN,"MF,FW",Bayern Munich,30,1992,15.8,7,54,22,40.7,3.41,1.39,0.11,0.27,1,2,bundesliga,2022-2023
283,Myziane Maolida,km COM,FW,Hertha BSC,23,1999,1.1,0,0,0,,0.0,0.0,,,0,0,bundesliga,2022-2023
284,Omar Marmoush,eg EGY,"FW,MF",Wolfsburg,23,1999,16.4,5,48,17,35.4,2.93,1.04,0.1,0.29,0,0,bundesliga,2022-2023
285,Eric Martel,de GER,MF,Köln,20,2002,22.4,1,28,8,28.6,1.25,0.36,0.04,0.13,0,0,bundesliga,2022-2023
286,Aarón Martín,es ESP,"MF,DF",Mainz 05,25,1997,20.5,5,19,8,42.1,0.93,0.39,0.26,0.63,0,1,bundesliga,2022-2023
287,Erhan Mašović,rs SRB,"DF,MF",Bochum,23,1998,24.2,4,17,10,58.8,0.7,0.41,0.24,0.4,0,0,bundesliga,2022-2023
288,Henning Matriciani,de GER,DF,Schalke 04,22,2000,20.7,0,3,0,0.0,0.14,0.0,0.0,,0,0,bundesliga,2022-2023
289,Konstantinos Mavropanos,gr GRE,DF,Stuttgart,24,1997,25.4,2,48,13,27.1,1.89,0.51,0.04,0.15,0,0,bundesliga,2022-2023
290,Philipp Max,de GER,MF,Eintracht Frankfurt,28,1993,7.7,0,9,3,33.3,1.17,0.39,0.0,0.0,0,0,bundesliga,2022-2023
291,Eric Maxim Choupo-Moting,cm CMR,FW,Bayern Munich,33,1989,12.4,10,31,16,51.6,2.51,1.29,0.32,0.63,0,1,bundesliga,2022-2023
292,Ibrahim Maza,dz ALG,MF,Hertha BSC,16,2005,0.8,1,1,1,100.0,1.27,1.27,1.0,1.0,0,0,bundesliga,2022-2023
293,Noussair Mazraoui,ma MAR,DF,Bayern Munich,24,1997,11.9,1,8,2,25.0,0.67,0.17,0.13,0.5,0,0,bundesliga,2022-2023
294,Noah Mbamba,be BEL,MF,Leverkusen,17,2005,0.0,0,0,0,,0.0,0.0,,,0,0,bundesliga,2022-2023
295,Jean-Manuel Mbom,de GER,"DF,MF",Werder Bremen,22,2000,0.1,0,0,0,,0.0,0.0,,,0,0,bundesliga,2022-2023
296,Nathanael Mbuku,cd COD,MF,Augsburg,20,2002,0.4,0,0,0,,0.0,0.0,,,0,0,bundesliga,2022-2023
297,Thomas Meunier,be BEL,"DF,MF",Dortmund,30,1991,6.5,0,5,0,0.0,0.77,0.0,0.0,,0,0,bundesliga,2022-2023
298,Alexander Meyer,de GER,GK,Dortmund,31,1991,7.0,0,0,0,,0.0,0.0,,,0,0,bundesliga,2022-2023
299,Sven Michel,de GER,FW,Union Berlin,32,1990,5.5,3,16,4,25.0,2.91,0.73,0.13,0.5,1,1,bundesliga,2022-2023
300,Enzo Millot,fr FRA,MF,Stuttgart,20,2002,9.9,0,17,7,41.2,1.72,0.71,0.0,0.0,0,0,bundesliga,2022-2023
301,Maximilian Mittelstädt,de GER,"DF,MF",Hertha BSC,25,1997,9.4,0,6,2,33.3,0.64,0.21,0.0,0.0,0,0,bundesliga,2022-2023
302,Anthony Modeste,fr FRA,FW,Dortmund,34,1988,9.0,2,22,10,45.5,2.44,1.11,0.09,0.2,0,0,bundesliga,2022-2023
303,Tobias Mohr,de GER,"DF,MF",Schalke 04,26,1995,9.3,0,12,1,8.3,1.29,0.11,0.0,0.0,0,0,bundesliga,2022-2023
304,Clinton Mola,eng ENG,DF,Stuttgart,21,2001,0.2,0,0,0,,0.0,0.0,,,0,0,bundesliga,2022-2023
305,Florent Mollet,fr FRA,MF,Schalke 04,30,1991,4.6,1,11,1,9.1,2.41,0.22,0.09,1.0,0,0,bundesliga,2022-2023
306,Youssoufa Moukoko,de GER,FW,Dortmund,17,2004,12.7,7,35,19,54.3,2.76,1.5,0.2,0.37,0,0,bundesliga,2022-2023
307,Florian Müller,de GER,GK,Stuttgart,24,1997,19.0,0,0,0,,0.0,0.0,,,0,0,bundesliga,2022-2023
308,Thomas Müller,de GER,"MF,FW",Bayern Munich,32,1989,18.5,7,47,23,48.9,2.54,1.24,0.15,0.3,0,0,bundesliga,2022-2023
309,Jamal Musiala,de GER,MF,Bayern Munich,19,2003,24.4,12,66,26,39.4,2.7,1.06,0.18,0.46,0,0,bundesliga,2022-2023
310,Marlon Mustapha,at AUT,FW,Mainz 05,21,2001,0.8,0,3,0,0.0,3.91,0.0,0.0,,0,0,bundesliga,2022-2023
311,Obite N'Dicka,ci CIV,DF,Eintracht Frankfurt,22,1999,29.9,1,18,3,16.7,0.6,0.1,0.06,0.33,0,0,bundesliga,2022-2023
312,Nathan N'Goumou,cm CMR,"MF,FW",Gladbach,22,2000,7.7,1,13,4,30.8,1.68,0.52,0.08,0.25,0,0,bundesliga,2022-2023
313,Stanley N'Soki,fr FRA,DF,Hoffenheim,23,1999,14.3,1,6,2,33.3,0.42,0.14,0.17,0.5,0,0,bundesliga,2022-2023
314,Nikolas Nartey,dk DEN,"DF,MF",Stuttgart,22,2000,5.3,0,4,0,0.0,0.76,0.0,0.0,,0,0,bundesliga,2022-2023
315,Luca Netz,de GER,"DF,MF",Gladbach,19,2003,7.8,1,4,3,75.0,0.51,0.38,0.25,0.33,0,0,bundesliga,2022-2023
316,Manuel Neuer,de GER,GK,Bayern Munich,36,1986,12.0,0,2,1,50.0,0.17,0.08,0.0,0.0,0,0,bundesliga,2022-2023
317,Florian Neuhaus,de GER,MF,Gladbach,25,1997,15.6,1,28,6,21.4,1.79,0.38,0.04,0.17,0,0,bundesliga,2022-2023
318,Jessic Ngankam,de GER,"FW,MF",Hertha BSC,22,2000,9.2,4,19,9,47.4,2.07,0.98,0.16,0.33,1,1,bundesliga,2022-2023
319,Florian Niederlechner,de GER,"FW,MF",Augsburg,31,1990,10.1,4,28,15,53.6,2.77,1.48,0.14,0.27,0,0,bundesliga,2022-2023
320,Florian Niederlechner,de GER,FW,Hertha BSC,31,1990,8.7,1,20,7,35.0,2.3,0.81,0.05,0.14,0,0,bundesliga,2022-2023
321,Justin Njinmah,de GER,"FW,MF",Dortmund,21,2000,0.2,0,0,0,,0.0,0.0,,,0,0,bundesliga,2022-2023
322,Christopher Nkunku,fr FRA,"FW,MF",RB Leipzig,24,1997,21.1,16,74,30,40.5,3.51,1.42,0.18,0.43,3,4,bundesliga,2022-2023
323,Felix Nmecha,de GER,MF,Wolfsburg,21,2000,20.4,3,37,9,24.3,1.81,0.44,0.08,0.33,0,0,bundesliga,2022-2023
324,Lukas Nmecha,de GER,FW,Wolfsburg,23,1998,10.0,4,22,7,31.8,2.2,0.7,0.18,0.57,0,0,bundesliga,2022-2023
325,Hugo Novoa,es ESP,MF,RB Leipzig,19,2003,2.0,1,3,2,66.7,1.47,0.98,0.33,0.5,0,0,bundesliga,2022-2023
326,Ørjan Nyland,no NOR,GK,RB Leipzig,31,1990,2.0,0,0,0,,0.0,0.0,,,0,0,bundesliga,2022-2023
327,Tim Oermann,de GER,DF,Bochum,18,2003,2.2,0,0,0,,0.0,0.0,,,0,0,bundesliga,2022-2023
328,Finn Ole Becker,de GER,MF,Hoffenheim,22,2000,5.7,0,6,2,33.3,1.05,0.35,0.0,0.0,0,0,bundesliga,2022-2023
329,Mathias Olesen,lu LUX,"MF,FW",Köln,21,2001,5.3,0,0,0,,0.0,0.0,,,0,0,bundesliga,2022-2023
330,Dani Olmo,es ESP,MF,RB Leipzig,24,1998,14.2,2,43,16,37.2,3.02,1.12,0.05,0.13,0,0,bundesliga,2022-2023
331,Jan Olschowsky,de GER,GK,Gladbach,20,2001,4.0,0,0,0,,0.0,0.0,,,0,0,bundesliga,2022-2023
332,Jonas Omlin,ch SUI,GK,Gladbach,28,1994,14.3,0,0,0,,0.0,0.0,,,0,0,bundesliga,2022-2023
333,Karim Onisiwo,at AUT,"FW,MF",Mainz 05,30,1992,28.2,10,68,32,47.1,2.41,1.13,0.15,0.31,0,0,bundesliga,2022-2023
334,Willi Orban,hu HUN,DF,RB Leipzig,29,1992,32.8,4,27,10,37.0,0.82,0.3,0.15,0.4,0,0,bundesliga,2022-2023
335,Ivan Ordets,ua UKR,DF,Bochum,30,1992,27.2,0,17,1,5.9,0.62,0.04,0.0,0.0,0,0,bundesliga,2022-2023
336,Jordi Osei-Tutu,eng ENG,"MF,DF",Bochum,23,1998,8.3,0,12,5,41.7,1.44,0.6,0.0,0.0,0,0,bundesliga,2022-2023
337,Patrick Osterhage,de GER,MF,Bochum,22,2000,11.4,0,6,0,0.0,0.52,0.0,0.0,,0,0,bundesliga,2022-2023
338,Paulo Otávio,br BRA,DF,Wolfsburg,27,1994,22.7,0,19,1,5.3,0.84,0.04,0.0,0.0,0,0,bundesliga,2022-2023
339,Thomas Ouwejan,nl NED,"DF,MF",Schalke 04,25,1996,10.0,0,5,1,20.0,0.5,0.1,0.0,0.0,0,0,bundesliga,2022-2023
340,Reece Oxford,eng ENG,DF,Augsburg,23,1998,1.0,0,0,0,,0.0,0.0,,,0,0,bundesliga,2022-2023
341,Salih Özcan,tr TUR,MF,Dortmund,24,1998,17.5,0,3,1,33.3,0.17,0.06,0.0,0.0,0,0,bundesliga,2022-2023
342,Levin Öztunalı,de GER,"FW,MF",Union Berlin,26,1996,0.1,0,0,0,,0.0,0.0,,,0,0,bundesliga,2022-2023
343,Exequiel Palacios,ar ARG,MF,Leverkusen,23,1998,18.4,4,20,7,35.0,1.09,0.38,0.05,0.14,3,3,bundesliga,2022-2023
344,Miloš Pantović,rs SRB,"FW,MF",Union Berlin,26,1996,2.3,1,6,3,50.0,2.62,1.31,0.17,0.33,0,1,bundesliga,2022-2023
345,Antonios Papadopoulos,de GER,"DF,MF",Dortmund,22,1999,0.1,0,1,0,0.0,6.92,0.0,0.0,,0,0,bundesliga,2022-2023
346,Kevin Paredes,us USA,MF,Wolfsburg,19,2003,5.9,1,4,2,50.0,0.68,0.34,0.25,0.5,0,0,bundesliga,2022-2023
347,Marco Pašalić,hr CRO,MF,Dortmund,21,2000,0.1,0,1,0,0.0,8.18,0.0,0.0,,0,0,bundesliga,2022-2023
348,Felix Passlack,de GER,"DF,MF",Dortmund,24,1998,0.7,0,0,0,,0.0,0.0,,,0,0,bundesliga,2022-2023
349,Paulinho,br BRA,FW,Leverkusen,22,2000,0.9,1,2,1,50.0,2.2,1.1,0.5,1.0,0,0,bundesliga,2022-2023
350,Benjamin Pavard,fr FRA,DF,Bayern Munich,26,1996,27.0,4,34,12,35.3,1.26,0.44,0.12,0.33,0,0,bundesliga,2022-2023
351,Jiří Pavlenka,cz CZE,GK,Werder Bremen,30,1992,32.3,0,0,0,,0.0,0.0,,,0,0,bundesliga,2022-2023
352,Kristian Pedersen,dk DEN,DF,Köln,27,1994,3.1,0,1,0,0.0,0.33,0.0,0.0,,0,0,bundesliga,2022-2023
353,Mads Pedersen,dk DEN,"DF,MF",Augsburg,25,1996,20.4,0,9,0,0.0,0.44,0.0,0.0,,0,0,bundesliga,2022-2023
354,Jordan Pefok,us USA,FW,Union Berlin,26,1996,15.1,4,34,7,20.6,2.25,0.46,0.12,0.57,0,2,bundesliga,2022-2023
355,Dženan Pejčinović,de GER,DF,Wolfsburg,17,2005,0.1,0,0,0,,0.0,0.0,,,0,0,bundesliga,2022-2023
356,Peter Pekarík,sk SVK,DF,Hertha BSC,35,1986,2.3,0,0,0,,0.0,0.0,,,0,0,bundesliga,2022-2023
357,Luca Pellegrini,it ITA,"DF,MF",Eintracht Frankfurt,23,1999,6.2,0,14,2,14.3,2.26,0.32,0.0,0.0,0,0,bundesliga,2022-2023
358,Ricardo Pepi,us USA,FW,Augsburg,19,2003,1.1,0,1,0,0.0,0.95,0.0,0.0,,0,0,bundesliga,2022-2023
359,Juan Perea,co COL,FW,Stuttgart,22,2000,4.6,1,2,1,50.0,0.43,0.22,0.5,1.0,0,0,bundesliga,2022-2023
360,Nils Petersen,de GER,FW,Freiburg,33,1988,3.1,1,9,2,22.2,2.92,0.65,0.11,0.5,0,0,bundesliga,2022-2023
361,Lukas Petkov,bg BUL,"FW,MF",Augsburg,21,2000,1.6,0,2,0,0.0,1.23,0.0,0.0,,0,0,bundesliga,2022-2023
362,Luca Pfeiffer,de GER,FW,Stuttgart,25,1996,7.8,0,12,1,8.3,1.54,0.13,0.0,0.0,0,0,bundesliga,2022-2023
363,Maximilian Philipp,de GER,MF,Wolfsburg,28,1994,1.3,0,1,1,100.0,0.78,0.78,0.0,0.0,0,0,bundesliga,2022-2023
364,Maximilian Philipp,de GER,FW,Werder Bremen,28,1994,4.9,1,11,3,27.3,2.24,0.61,0.09,0.33,0,0,bundesliga,2022-2023
365,Amos Pieper,de GER,DF,Werder Bremen,24,1998,21.7,2,11,4,36.4,0.51,0.18,0.18,0.5,0,0,bundesliga,2022-2023
366,Marvin Plattenhardt,de GER,"DF,MF",Hertha BSC,30,1992,26.7,0,8,1,12.5,0.3,0.04,0.0,0.0,0,0,bundesliga,2022-2023
367,Alassane Pléa,fr FRA,"MF,FW",Gladbach,29,1993,19.7,2,29,13,44.8,1.47,0.66,0.03,0.08,1,2,bundesliga,2022-2023
368,Joel Pohjanpalo,fi FIN,FW,Leverkusen,27,1994,0.0,0,0,0,,0.0,0.0,,,0,0,bundesliga,2022-2023
369,Sebastian Polter,de GER,FW,Schalke 04,31,1991,7.0,2,12,7,58.3,1.71,1.0,0.17,0.29,0,0,bundesliga,2022-2023
370,Stefan Posch,at AUT,DF,Hoffenheim,25,1997,0.2,0,0,0,,0.0,0.0,,,0,0,bundesliga,2022-2023
371,Yussuf Poulsen,dk DEN,FW,RB Leipzig,28,1994,4.6,2,13,6,46.2,2.85,1.31,0.15,0.33,0,0,bundesliga,2022-2023
372,Grischa Prömel,de GER,MF,Hoffenheim,27,1995,16.2,1,24,5,20.8,1.49,0.31,0.04,0.2,0,0,bundesliga,2022-2023
373,Tymoteusz Puchacz,pl POL,MF,Union Berlin,23,1999,0.6,0,0,0,,0.0,0.0,,,0,0,bundesliga,2022-2023
374,Eduardo Quaresma,pt POR,DF,Hoffenheim,20,2002,1.0,0,0,0,,0.0,0.0,,,0,0,bundesliga,2022-2023
375,Joshua Quarshie,de GER,DF,Hoffenheim,18,2004,0.0,0,0,0,,0.0,0.0,,,0,0,bundesliga,2022-2023
376,Diant Ramaj,de GER,GK,Eintracht Frankfurt,20,2001,1.0,0,0,0,,0.0,0.0,,,0,0,bundesliga,2022-2023
377,Nicolai Rapp,de GER,"DF,MF",Werder Bremen,25,1996,0.8,0,1,0,0.0,1.27,0.0,0.0,,0,0,bundesliga,2022-2023
378,David Raum,de GER,"MF,DF",RB Leipzig,24,1998,18.7,0,14,5,35.7,0.75,0.27,0.0,0.0,0,0,bundesliga,2022-2023
379,Rocco Reitz,de GER,MF,Gladbach,20,2002,0.0,0,0,0,,0.0,0.0,,,0,0,bundesliga,2022-2023
380,Marco Reus,de GER,MF,Dortmund,33,1989,15.0,6,37,11,29.7,2.46,0.73,0.14,0.45,1,1,bundesliga,2022-2023
381,Elvis Rexhbeçaj,xk KVX,MF,Augsburg,24,1997,28.0,0,16,5,31.3,0.57,0.18,0.0,0.0,0,0,bundesliga,2022-2023
382,Gio Reyna,us USA,MF,Dortmund,19,2002,6.9,7,25,12,48.0,3.6,1.73,0.24,0.5,1,1,bundesliga,2022-2023
383,Marco Richter,de GER,"MF,FW",Hertha BSC,24,1997,20.4,6,50,15,30.0,2.45,0.74,0.12,0.4,0,0,bundesliga,2022-2023
384,Manuel Riemann,de GER,GK,Bochum,33,1988,34.0,0,1,0,0.0,0.03,0.0,0.0,,0,0,bundesliga,2022-2023
385,Sebastian Rode,de GER,MF,Eintracht Frankfurt,31,1990,15.7,4,9,4,44.4,0.57,0.25,0.44,1.0,0,0,bundesliga,2022-2023
386,Agustín Rogel,uy URU,DF,Hertha BSC,24,1997,15.8,0,5,0,0.0,0.32,0.0,0.0,,0,0,bundesliga,2022-2023
387,Merlin Röhl,de GER,MF,Freiburg,20,2002,0.6,0,0,0,,0.0,0.0,,,0,0,bundesliga,2022-2023
388,Tony Rölke,de GER,FW,Hertha BSC,19,2003,0.2,0,0,0,,0.0,0.0,,,0,0,bundesliga,2022-2023
389,Tom Rothe,de GER,MF,Dortmund,17,2004,0.3,0,1,0,0.0,3.46,0.0,0.0,,0,0,bundesliga,2022-2023
390,Jérôme Roussillon,fr FRA,"DF,MF",Wolfsburg,29,1993,0.2,0,0,0,,0.0,0.0,,,0,0,bundesliga,2022-2023
391,Jérôme Roussillon,fr FRA,MF,Union Berlin,29,1993,10.6,0,9,3,33.3,0.85,0.28,0.0,0.0,0,0,bundesliga,2022-2023
392,Sebastian Rudy,de GER,MF,Hoffenheim,32,1990,8.8,0,5,2,40.0,0.57,0.23,0.0,0.0,0,0,bundesliga,2022-2023
393,Georginio Rutter,fr FRA,FW,Hoffenheim,20,2002,11.2,2,27,14,51.9,2.41,1.25,0.07,0.14,0,0,bundesliga,2022-2023
394,Julian Ryerson,no NOR,MF,Union Berlin,24,1997,11.5,0,16,6,37.5,1.39,0.52,0.0,0.0,0,0,bundesliga,2022-2023
395,Julian Ryerson,no NOR,DF,Dortmund,24,1997,15.7,1,10,3,30.0,0.64,0.19,0.1,0.33,0,0,bundesliga,2022-2023
396,Frederik Rønnow,dk DEN,GK,Union Berlin,29,1992,29.0,0,0,0,,0.0,0.0,,,0,0,bundesliga,2022-2023
397,Marcel Sabitzer,at AUT,MF,Bayern Munich,28,1994,7.0,1,15,5,33.3,2.15,0.72,0.07,0.2,0,0,bundesliga,2022-2023
398,Dikeni-Rafid Salifou,tg TOG,MF,Werder Bremen,19,2003,0.0,0,0,0,,0.0,0.0,,,0,0,bundesliga,2022-2023
399,Roland Sallai,hu HUN,"MF,FW",Freiburg,25,1997,11.1,1,32,11,34.4,2.87,0.99,0.03,0.09,0,0,bundesliga,2022-2023
400,Diadie Samassékou,ml MLI,MF,Hoffenheim,26,1996,0.4,0,0,0,,0.0,0.0,,,0,0,bundesliga,2022-2023
401,Leroy Sané,de GER,MF,Bayern Munich,26,1996,22.3,8,79,29,36.7,3.54,1.3,0.1,0.28,0,0,bundesliga,2022-2023
402,Sidi Sané,de GER,MF,Schalke 04,19,2003,0.3,0,0,0,,0.0,0.0,,,0,0,bundesliga,2022-2023
403,Bouna Sarr,sn SEN,"DF,MF",Bayern Munich,30,1992,0.0,0,0,0,,0.0,0.0,,,0,0,bundesliga,2022-2023
404,Joe Scally,us USA,DF,Gladbach,19,2002,24.5,0,7,1,14.3,0.29,0.04,0.0,0.0,0,0,bundesliga,2022-2023
405,Kevin Schade,de GER,MF,Freiburg,20,2001,2.0,1,4,1,25.0,1.98,0.49,0.25,1.0,0,0,bundesliga,2022-2023
406,András Schäfer,hu HUN,MF,Union Berlin,23,1999,9.6,0,7,1,14.3,0.73,0.1,0.0,0.0,0,0,bundesliga,2022-2023
407,Derry Scherhant,de GER,MF,Hertha BSC,19,2002,3.2,1,4,1,25.0,1.26,0.32,0.25,1.0,0,0,bundesliga,2022-2023
408,Patrik Schick,cz CZE,FW,Leverkusen,26,1996,10.5,3,34,14,41.2,3.25,1.34,0.09,0.21,0,0,bundesliga,2022-2023
409,Kingsley Schindler,gh GHA,"MF,DF",Köln,29,1993,12.1,0,11,4,36.4,0.91,0.33,0.0,0.0,0,0,bundesliga,2022-2023
410,Xaver Schlager,at AUT,MF,RB Leipzig,24,1997,16.7,1,5,1,20.0,0.3,0.06,0.2,1.0,0,0,bundesliga,2022-2023
411,Keven Schlotterbeck,de GER,DF,Freiburg,25,1997,0.2,0,0,0,,0.0,0.0,,,0,0,bundesliga,2022-2023
412,Keven Schlotterbeck,de GER,DF,Bochum,25,1997,8.2,2,8,4,50.0,0.98,0.49,0.25,0.5,0,0,bundesliga,2022-2023
413,Nico Schlotterbeck,de GER,DF,Dortmund,22,1999,25.0,4,18,6,33.3,0.72,0.24,0.22,0.67,0,0,bundesliga,2022-2023
414,Jonathan Schmid,fr FRA,"DF,MF",Freiburg,32,1990,0.5,0,1,1,100.0,2.2,2.2,0.0,0.0,0,0,bundesliga,2022-2023
415,Romano Schmid,at AUT,"MF,FW",Werder Bremen,22,2000,16.9,1,18,3,16.7,1.07,0.18,0.06,0.33,0,0,bundesliga,2022-2023
416,Kenneth Schmidt,de GER,DF,Freiburg,20,2002,2.8,0,0,0,,0.0,0.0,,,0,0,bundesliga,2022-2023
417,Niklas Schmidt,de GER,MF,Werder Bremen,24,1998,12.1,3,21,9,42.9,1.74,0.75,0.14,0.33,0,0,bundesliga,2022-2023
418,Benno Schmitz,de GER,DF,Köln,27,1994,26.9,1,10,2,20.0,0.37,0.07,0.1,0.5,0,0,bundesliga,2022-2023
419,Marvin Schwäbe,de GER,GK,Köln,27,1995,34.0,0,0,0,,0.0,0.0,,,0,0,bundesliga,2022-2023
420,Alexander Schwolow,de GER,GK,Schalke 04,30,1992,22.6,0,1,0,0.0,0.04,0.0,0.0,,0,0,bundesliga,2022-2023
421,Paul Seguin,de GER,MF,Union Berlin,27,1995,7.7,1,15,4,26.7,1.95,0.52,0.07,0.25,0,0,bundesliga,2022-2023
422,Davie Selke,de GER,FW,Hertha BSC,27,1995,3.1,1,6,4,66.7,1.91,1.28,0.0,0.0,1,1,bundesliga,2022-2023
423,Davie Selke,de GER,FW,Köln,27,1995,9.7,5,28,15,53.6,2.9,1.55,0.18,0.33,0,0,bundesliga,2022-2023
424,Suat Serdar,de GER,MF,Hertha BSC,25,1997,22.5,4,24,7,29.2,1.07,0.31,0.17,0.57,0,0,bundesliga,2022-2023
425,Eniss Shabani,al ALB,MF,Mainz 05,19,2003,0.1,0,0,0,,0.0,0.0,,,0,0,bundesliga,2022-2023
426,Kiliann Sildillia,fr FRA,"DF,MF",Freiburg,20,2002,22.0,0,10,1,10.0,0.46,0.05,0.0,0.0,0,0,bundesliga,2022-2023
427,André Silva,pt POR,FW,RB Leipzig,26,1995,19.3,4,59,23,39.0,3.06,1.19,0.07,0.17,0,0,bundesliga,2022-2023
428,Mohamed Simakan,fr FRA,DF,RB Leipzig,22,2000,16.2,1,12,3,25.0,0.74,0.19,0.08,0.33,0,0,bundesliga,2022-2023
429,Daley Sinkgraven,nl NED,"MF,DF",Leverkusen,27,1995,3.8,0,4,1,25.0,1.05,0.26,0.0,0.0,0,0,bundesliga,2022-2023
430,Tobias Sippel,de GER,GK,Gladbach,34,1988,5.7,0,0,0,,0.0,0.0,,,0,0,bundesliga,2022-2023
431,Hugo Siquet,be BEL,"DF,MF",Freiburg,20,2002,0.2,0,0,0,,0.0,0.0,,,0,0,bundesliga,2022-2023
432,Tim Skarke,de GER,"FW,MF",Union Berlin,25,1996,0.6,0,4,2,50.0,6.79,3.4,0.0,0.0,0,0,bundesliga,2022-2023
433,Tim Skarke,de GER,MF,Schalke 04,25,1996,4.9,1,11,4,36.4,2.25,0.82,0.09,0.25,0,0,bundesliga,2022-2023
434,Ellyes Skhiri,tn TUN,MF,Köln,27,1995,31.7,7,32,13,40.6,1.01,0.41,0.22,0.54,0,0,bundesliga,2022-2023
435,Robert Skov,dk DEN,MF,Hoffenheim,26,1996,15.0,3,41,14,34.1,2.74,0.93,0.02,0.07,2,2,bundesliga,2022-2023
436,Hrvoje Smolčić,hr CRO,DF,Eintracht Frankfurt,21,2000,5.2,0,3,0,0.0,0.57,0.0,0.0,,0,0,bundesliga,2022-2023
437,Danilo Soares,br BRA,DF,Bochum,30,1991,19.6,0,2,0,0.0,0.1,0.0,0.0,,0,0,bundesliga,2022-2023
438,Nikola Soldo,hr CRO,DF,Köln,21,2001,6.6,0,6,0,0.0,0.91,0.0,0.0,,0,0,bundesliga,2022-2023
439,Yann Sommer,ch SUI,GK,Bayern Munich,33,1988,19.0,0,0,0,,0.0,0.0,,,0,0,bundesliga,2022-2023
440,Yann Sommer,ch SUI,GK,Gladbach,33,1988,10.0,0,0,0,,0.0,0.0,,,0,0,bundesliga,2022-2023
441,Borna Sosa,hr CRO,"MF,DF",Stuttgart,24,1998,21.7,2,15,6,40.0,0.69,0.28,0.13,0.33,0,0,bundesliga,2022-2023
442,Djibril Sow,ch SUI,MF,Eintracht Frankfurt,25,1997,29.4,4,28,10,35.7,0.95,0.34,0.14,0.4,0,0,bundesliga,2022-2023
443,Anton Stach,de GER,MF,Mainz 05,23,1998,23.0,1,36,10,27.8,1.57,0.43,0.03,0.1,0,0,bundesliga,2022-2023
444,Kostas Stafylidis,gr GRE,"DF,MF",Bochum,28,1993,11.6,0,14,2,14.3,1.21,0.17,0.0,0.0,0,0,bundesliga,2022-2023
445,Jens Stage,dk DEN,MF,Werder Bremen,25,1996,20.6,3,19,7,36.8,0.92,0.34,0.16,0.43,0,0,bundesliga,2022-2023
446,Veit Stange,de GER,MF,Hertha BSC,18,2004,0.1,0,0,0,,0.0,0.0,,,0,0,bundesliga,2022-2023
447,Josip Stanišić,hr CRO,DF,Bayern Munich,22,2000,6.4,0,0,0,,0.0,0.0,,,0,0,bundesliga,2022-2023
448,Niklas Stark,de GER,DF,Werder Bremen,27,1995,23.1,0,3,1,33.3,0.13,0.04,0.0,0.0,0,0,bundesliga,2022-2023
449,Pascal Stenzel,de GER,DF,Stuttgart,26,1996,3.7,0,2,0,0.0,0.54,0.0,0.0,,0,0,bundesliga,2022-2023
450,Angelo Stiller,de GER,MF,Hoffenheim,21,2001,7.8,1,7,3,42.9,0.89,0.38,0.14,0.33,0,0,bundesliga,2022-2023
451,Lars Stindl,de GER,MF,Gladbach,33,1988,19.3,8,50,22,44.0,2.6,1.14,0.16,0.36,0,0,bundesliga,2022-2023
452,Kevin Stöger,at AUT,MF,Bochum,28,1993,28.9,5,48,14,29.2,1.66,0.48,0.04,0.14,3,3,bundesliga,2022-2023
453,Niklas Süle,de GER,DF,Dortmund,26,1995,23.5,2,34,7,20.6,1.44,0.3,0.06,0.29,0,0,bundesliga,2022-2023
454,Ivan Šunjić,ba BIH,MF,Hertha BSC,25,1996,11.0,0,6,3,50.0,0.54,0.27,0.0,0.0,0,0,bundesliga,2022-2023
455,Mattias Svanberg,se SWE,MF,Wolfsburg,23,1999,20.4,4,31,11,35.5,1.52,0.54,0.13,0.36,0,0,bundesliga,2022-2023
456,Dominik Szoboszlai,hu HUN,"MF,FW",RB Leipzig,21,2000,27.2,6,60,29,48.3,2.21,1.07,0.08,0.17,1,1,bundesliga,2022-2023
457,Alexander Sørloth,no NOR,FW,RB Leipzig,26,1995,0.1,0,0,0,,0.0,0.0,,,0,0,bundesliga,2022-2023
458,Jonathan Tah,de GER,DF,Leverkusen,26,1996,27.6,1,10,2,20.0,0.36,0.07,0.1,0.5,0,0,bundesliga,2022-2023
459,Edmond Tapsoba,bf BFA,DF,Leverkusen,23,1999,31.9,1,15,3,20.0,0.47,0.09,0.0,0.0,1,2,bundesliga,2022-2023
460,Niklas Tauer,de GER,FW,Mainz 05,21,2001,1.0,0,1,0,0.0,0.97,0.0,0.0,,0,0,bundesliga,2022-2023
461,Mathys Tel,fr FRA,MF,Bayern Munich,17,2005,4.6,5,20,11,55.0,4.32,2.37,0.25,0.45,0,0,bundesliga,2022-2023
462,Semir Telalovic,de GER,FW,Gladbach,22,1999,0.1,0,1,1,100.0,9.0,9.0,0.0,0.0,0,0,bundesliga,2022-2023
463,Simon Terodde,de GER,FW,Schalke 04,34,1988,20.3,5,44,20,45.5,2.17,0.99,0.11,0.25,0,1,bundesliga,2022-2023
464,Malick Thiaw,de GER,DF,Schalke 04,20,2001,3.0,0,2,1,50.0,0.67,0.33,0.0,0.0,0,0,bundesliga,2022-2023
465,Jan Thielmann,de GER,"MF,FW",Köln,20,2002,9.7,2,13,7,53.8,1.35,0.72,0.15,0.29,0,0,bundesliga,2022-2023
466,Morten Thorsby,no NOR,MF,Union Berlin,26,1996,9.3,1,9,3,33.3,0.97,0.32,0.11,0.33,0,0,bundesliga,2022-2023
467,Marcus Thuram,fr FRA,FW,Gladbach,24,1997,27.9,13,92,44,47.8,3.29,1.58,0.14,0.3,0,0,bundesliga,2022-2023
468,Steffen Tigges,de GER,FW,Köln,24,1998,17.7,6,35,12,34.3,1.97,0.68,0.17,0.5,0,0,bundesliga,2022-2023
469,Umut Tohumcu,de GER,MF,Hoffenheim,17,2004,3.0,0,4,0,0.0,1.33,0.0,0.0,,0,0,bundesliga,2022-2023
470,Tiago Tomás,pt POR,"FW,MF",Stuttgart,20,2002,14.3,3,34,13,38.2,2.37,0.91,0.09,0.23,0,0,bundesliga,2022-2023
471,Keke Topp,de GER,FW,Schalke 04,18,2004,0.2,0,1,0,0.0,4.5,0.0,0.0,,0,0,bundesliga,2022-2023
472,Almamy Touré,ml MLI,DF,Eintracht Frankfurt,26,1996,4.4,0,3,1,33.3,0.68,0.23,0.0,0.0,0,0,bundesliga,2022-2023
473,Lucas Tousart,fr FRA,MF,Hertha BSC,25,1997,32.7,5,43,20,46.5,1.31,0.61,0.12,0.25,0,0,bundesliga,2022-2023
474,Kevin Trapp,de GER,GK,Eintracht Frankfurt,32,1990,33.0,0,0,0,,0.0,0.0,,,0,0,bundesliga,2022-2023
475,Christopher Trimmel,at AUT,MF,Union Berlin,35,1987,20.1,0,14,3,21.4,0.7,0.15,0.0,0.0,0,0,bundesliga,2022-2023
476,Tuta,br BRA,DF,Eintracht Frankfurt,23,1999,30.2,2,17,3,17.6,0.56,0.1,0.12,0.67,0,0,bundesliga,2022-2023
477,Sven Ulreich,de GER,GK,Bayern Munich,33,1988,3.0,0,0,0,,0.0,0.0,,,0,0,bundesliga,2022-2023
478,Lauren Ulrich,de GER,MF,Stuttgart,17,2005,0.1,0,0,0,,0.0,0.0,,,0,0,bundesliga,2022-2023
479,Dayot Upamecano,fr FRA,DF,Bayern Munich,23,1998,26.1,0,7,1,14.3,0.27,0.04,0.0,0.0,0,0,bundesliga,2022-2023
480,Filip Uremović,hr CRO,DF,Hertha BSC,25,1997,19.2,0,9,3,33.3,0.47,0.16,0.0,0.0,0,0,bundesliga,2022-2023
481,Jere Uronen,fi FIN,DF,Schalke 04,28,1994,7.5,0,4,0,0.0,0.53,0.0,0.0,,0,0,bundesliga,2022-2023
482,Mark Uth,de GER,"FW,MF",Köln,30,1991,0.5,0,1,1,100.0,1.96,1.96,0.0,0.0,0,0,bundesliga,2022-2023
483,Josha Vagnoman,de GER,"MF,DF",Stuttgart,21,2000,16.4,2,25,5,20.0,1.52,0.3,0.08,0.4,0,0,bundesliga,2022-2023
484,Ruben Vargas,ch SUI,MF,Augsburg,23,1998,12.6,3,21,6,28.6,1.67,0.48,0.14,0.5,0,0,bundesliga,2022-2023
485,Renato Veiga,pt POR,DF,Augsburg,19,2003,7.1,0,8,0,0.0,1.13,0.0,0.0,,0,0,bundesliga,2022-2023
486,Miloš Veljković,rs SRB,DF,Werder Bremen,26,1995,25.2,1,4,2,50.0,0.16,0.08,0.25,0.5,0,0,bundesliga,2022-2023
487,Micky van de Ven,nl NED,DF,Wolfsburg,21,2001,33.0,1,16,1,6.3,0.48,0.03,0.06,1.0,0,0,bundesliga,2022-2023
488,Gabriel Vidovic,hr CRO,MF,Bayern Munich,18,2003,0.2,0,0,0,,0.0,0.0,,,0,0,bundesliga,2022-2023
489,Kevin Vogt,de GER,DF,Hoffenheim,30,1991,19.7,0,0,0,,0.0,0.0,,,0,0,bundesliga,2022-2023
490,Aster Vranckx,be BEL,MF,Wolfsburg,19,2002,0.1,0,0,0,,0.0,0.0,,,0,0,bundesliga,2022-2023
491,Robert Wagner,de GER,MF,Freiburg,19,2003,0.4,0,2,0,0.0,4.74,0.0,0.0,,0,0,bundesliga,2022-2023
492,Luca Waldschmidt,de GER,"FW,MF",Wolfsburg,26,1996,5.8,4,11,6,54.5,1.89,1.03,0.27,0.5,1,1,bundesliga,2022-2023
493,Paul Wanner,de GER,MF,Bayern Munich,16,2005,0.3,0,0,0,,0.0,0.0,,,0,0,bundesliga,2022-2023
494,Julian Weigl,de GER,MF,Gladbach,26,1995,21.0,1,8,1,12.5,0.38,0.05,0.0,0.0,1,1,bundesliga,2022-2023
495,Nelson Weiper,de GER,FW,Mainz 05,17,2005,1.1,2,5,4,80.0,4.55,3.64,0.4,0.5,0,0,bundesliga,2022-2023
496,Mitchell Weiser,de GER,MF,Werder Bremen,28,1994,28.0,2,28,8,28.6,1.0,0.29,0.07,0.25,0,0,bundesliga,2022-2023
497,Noah Weißhaupt,de GER,MF,Freiburg,20,2001,4.7,0,2,1,50.0,0.42,0.21,0.0,0.0,0,0,bundesliga,2022-2023
498,Marcel Wenig,de GER,MF,Eintracht Frankfurt,18,2004,0.0,0,0,0,,0.0,0.0,,,0,0,bundesliga,2022-2023
499,Timo Werner,de GER,"FW,MF",RB Leipzig,26,1996,21.5,9,61,25,41.0,2.83,1.16,0.15,0.36,0,0,bundesliga,2022-2023
500,Silvan Widmer,ch SUI,"MF,DF",Mainz 05,29,1993,18.8,2,19,8,42.1,1.01,0.43,0.11,0.25,0,0,bundesliga,2022-2023
501,Patrick Wimmer,at AUT,"MF,FW",Wolfsburg,21,2001,18.3,4,31,14,45.2,1.69,0.76,0.13,0.29,0,0,bundesliga,2022-2023
502,Jonas Wind,dk DEN,FW,Wolfsburg,23,1999,14.3,6,30,10,33.3,2.09,0.7,0.2,0.6,0,1,bundesliga,2022-2023
503,Frederik Winther,dk DEN,DF,Augsburg,21,2001,1.0,0,0,0,,0.0,0.0,,,0,0,bundesliga,2022-2023
504,Florian Wirtz,de GER,"FW,MF",Leverkusen,19,2003,12.1,1,7,4,57.1,0.58,0.33,0.14,0.25,0,0,bundesliga,2022-2023
505,Hannes Wolf,at AUT,MF,Gladbach,23,1999,5.0,1,8,3,37.5,1.6,0.6,0.13,0.33,0,0,bundesliga,2022-2023
506,Marius Wolf,de GER,DF,Dortmund,27,1995,17.4,1,23,6,26.1,1.32,0.34,0.04,0.17,0,0,bundesliga,2022-2023
507,Jeong Woo-yeong,kr KOR,"MF,FW",Freiburg,22,1999,7.3,1,13,4,30.8,1.79,0.55,0.08,0.25,0,0,bundesliga,2022-2023
508,Kelvin Yeboah,it ITA,FW,Augsburg,22,2000,3.9,1,13,2,15.4,3.31,0.51,0.08,0.5,0,0,bundesliga,2022-2023
509,Maya Yoshida,jp JPN,DF,Schalke 04,33,1988,28.4,0,12,2,16.7,0.42,0.07,0.0,0.0,0,0,bundesliga,2022-2023
510,Dan-Axel Zagadou,fr FRA,DF,Stuttgart,23,1999,14.1,0,14,3,21.4,0.99,0.21,0.0,0.0,0,0,bundesliga,2022-2023
511,Rodrigo Zalazar,uy URU,"MF,FW",Schalke 04,22,1999,14.7,1,38,14,36.8,2.59,0.95,0.03,0.07,0,0,bundesliga,2022-2023
512,Aaron Zehnter,de GER,MF,Augsburg,17,2004,0.0,0,0,0,,0.0,0.0,,,0,0,bundesliga,2022-2023
513,Robin Zentner,de GER,GK,Mainz 05,27,1994,26.0,0,0,0,,0.0,0.0,,,0,0,bundesliga,2022-2023
514,Michael Zetterer,de GER,GK,Werder Bremen,27,1995,1.7,0,0,0,,0.0,0.0,,,0,0,bundesliga,2022-2023
515,Simon Zoller,de GER,"FW,MF",Bochum,31,1991,16.2,3,31,10,32.3,1.91,0.62,0.1,0.3,0,0,bundesliga,2022-2023
