Rk,Player,Nation,Pos,Squad,Age,Born,Playing Time_MP,Playing Time_Min,Playing Time_Mn/MP,Playing Time_Min%,Playing Time_90s,Starts,Starts_Mn/Start,Starts_Compl,Subs,Subs_Mn/Sub,Subs_unSub,Team Success_PPM,Team Success_onG,Team Success_onGA,Team Success_+/-,Team Success_+/-90,Team Success_On-Off,league,season
1,Junior Adamu,at AUT,FW,Freiburg,23,2001,25,1545.0,62.0,50.5,17.2,19,75.0,4,6,20.0,5,1.4,20.0,29.0,-9.0,-0.52,-0.82,bundesliga,2024-2025
2,Wesley Adeh,de GER,MF,Werder Bremen,17,2007,0,,,,,0,,0,0,,2,,,,,,,bundesliga,2024-2025
3,Karim Adeyemi,de GER,"MF,FW",Dortmund,22,2002,25,1433.0,57.0,46.8,15.9,17,72.0,2,8,25.0,0,1.84,37.0,24.0,13.0,0.82,0.43,bundesliga,2024-2025
4,Amine Adli,ma MAR,"MF,FW",Leverkusen,24,2000,20,766.0,38.0,25.0,8.5,6,69.0,1,14,25.0,1,1.85,17.0,13.0,4.0,0.47,-0.51,bundesliga,2024-2025
5,Oladapo Afolayan,eng ENG,"FW,MF",St Pauli,26,1998,32,1639.0,51.0,53.6,18.2,17,76.0,2,15,23.0,2,0.97,18.0,27.0,-9.0,-0.49,-0.24,bundesliga,2024-2025
6,Felix Agu,ng NGA,MF,Werder Bremen,24,1999,22,1751.0,80.0,57.2,19.5,21,82.0,9,1,30.0,2,1.64,30.0,31.0,-1.0,-0.05,0.09,bundesliga,2024-2025
7,Erik Ahlstrand,se SWE,MF,St Pauli,22,2001,5,43.0,9.0,1.4,0.5,0,,0,5,9.0,16,1.2,1.0,1.0,0.0,0.0,0.39,bundesliga,2024-2025
8,Romeo Aigbekaen,de GER,MF,St Pauli,20,2004,0,,,,,0,,0,0,,1,,,,,,,bundesliga,2024-2025
9,Jonathan Akaegbobi,de GER,FW,Wolfsburg,18,2006,0,,,,,0,,0,0,,2,,,,,,,bundesliga,2024-2025
10,Kevin Akpoguma,ng NGA,DF,Hoffenheim,29,1995,32,2220.0,69.0,72.5,24.7,23,86.0,21,9,26.0,2,0.97,30.0,48.0,-18.0,-0.73,-0.3,bundesliga,2024-2025
11,Kerim Alajbegović,ba BIH,FW,Leverkusen,16,2007,0,,,,,0,,0,0,,5,,,,,,,bundesliga,2024-2025
12,Andreas Albers,dk DEN,"FW,MF",St Pauli,34,1990,14,62.0,4.0,2.0,0.7,0,,0,14,4.0,4,0.86,1.0,2.0,-1.0,-1.45,-1.09,bundesliga,2024-2025
13,Ben Alexander Voll,de GER,GK,St Pauli,23,2000,2,91.0,46.0,3.0,1.0,1,90.0,1,1,1.0,22,0.5,2.0,2.0,0.0,0.0,0.39,bundesliga,2024-2025
14,Skelly Alvero,fr FRA,MF,Werder Bremen,22,2002,12,236.0,20.0,7.7,2.6,1,56.0,0,11,16.0,10,1.42,0.0,4.0,-4.0,-1.53,-1.56,bundesliga,2024-2025
15,Aurele Amenda,ch SUI,DF,Eintracht Frankfurt,21,2003,8,96.0,12.0,3.1,1.1,1,45.0,0,7,7.0,16,2.75,2.0,1.0,1.0,0.94,0.3,bundesliga,2024-2025
16,Nadiem Amiri,de GER,MF,Mainz 05,27,1996,30,2473.0,82.0,80.8,27.5,30,82.0,18,0,,0,1.63,48.0,36.0,12.0,0.44,0.44,bundesliga,2024-2025
17,Mohamed Amoura,dz ALG,"FW,MF",Wolfsburg,24,2000,31,2467.0,80.0,80.6,27.4,29,83.0,9,2,33.0,0,1.29,47.0,43.0,4.0,0.15,0.45,bundesliga,2024-2025
18,Robert Andrich,de GER,"MF,DF",Leverkusen,29,1994,23,1598.0,69.0,52.2,17.8,19,81.0,9,4,16.0,9,2.17,35.0,20.0,15.0,0.84,-0.02,bundesliga,2024-2025
19,Mathys Angély,fr FRA,DF,Wolfsburg,17,2007,0,,,,,0,,0,0,,4,,,,,,,bundesliga,2024-2025
20,Waldemar Anton,de GER,DF,Dortmund,28,1996,26,1949.0,75.0,63.7,21.7,22,85.0,19,4,22.0,3,1.77,50.0,31.0,19.0,0.88,0.8,bundesliga,2024-2025
21,Maximilian Arnold,de GER,MF,Wolfsburg,30,1994,28,2356.0,84.0,77.0,26.2,27,86.0,24,1,45.0,0,1.21,48.0,38.0,10.0,0.38,1.4,bundesliga,2024-2025
22,Jann-Fiete Arp,de GER,FW,Holstein Kiel,24,2000,23,713.0,31.0,23.3,7.9,3,78.0,1,20,24.0,9,0.52,16.0,17.0,-1.0,-0.13,1.02,bundesliga,2024-2025
23,Arthur,br BRA,"MF,DF",Leverkusen,21,2003,20,752.0,38.0,24.6,8.4,7,76.0,2,13,17.0,11,2.05,21.0,7.0,14.0,1.68,1.09,bundesliga,2024-2025
24,Noah Atubolu,de GER,GK,Freiburg,22,2002,26,2307.0,89.0,75.4,25.6,26,89.0,25,0,,2,1.62,37.0,37.0,0.0,0.0,0.48,bundesliga,2024-2025
25,Ayman Azhil,ma MAR,MF,Dortmund,23,2001,1,24.0,24.0,0.8,0.3,0,,0,1,24.0,7,3.0,0.0,0.0,0.0,0.0,-0.59,bundesliga,2024-2025
26,Adam Aznou,ma MAR,DF,Bayern Munich,18,2006,2,17.0,9.0,0.6,0.2,0,,0,2,9.0,11,3.0,0.0,2.0,-2.0,-10.59,-12.63,bundesliga,2024-2025
27,Mio Backhaus,de GER,GK,Werder Bremen,20,2004,0,,,,,0,,0,0,,33,,,,,,,bundesliga,2024-2025
28,Aliou Badara Baldé,gn GUI,FW,Bochum,21,2002,5,91.0,18.0,3.0,1.0,0,,0,5,18.0,1,0.0,0.0,2.0,-2.0,-1.98,-1.01,bundesliga,2024-2025
29,Ridle Baku,de GER,MF,Wolfsburg,26,1998,15,1170.0,78.0,38.2,13.0,14,82.0,8,1,26.0,0,1.4,27.0,23.0,4.0,0.31,0.4,bundesliga,2024-2025
30,Ridle Baku,de GER,MF,RB Leipzig,26,1998,19,1275.0,67.0,41.7,14.2,15,80.0,7,4,19.0,0,1.26,22.0,22.0,0.0,0.0,-0.25,bundesliga,2024-2025
31,Samuel Bamba,de GER,FW,Bochum,20,2004,5,27.0,5.0,0.9,0.3,0,,0,5,5.0,8,0.6,0.0,1.0,-1.0,-3.33,-2.35,bundesliga,2024-2025
32,Noahkai Banks,us USA,DF,Augsburg,17,2006,8,278.0,35.0,9.1,3.1,2,74.0,0,6,22.0,12,2.13,1.0,2.0,-1.0,-0.32,0.16,bundesliga,2024-2025
33,Scott Banks,sct SCO,MF,St Pauli,22,2001,12,116.0,10.0,3.8,1.3,0,,0,12,10.0,10,0.92,1.0,2.0,-1.0,-0.78,-0.41,bundesliga,2024-2025
34,Aymen Barkok,ma MAR,MF,Mainz 05,26,1998,4,73.0,18.0,2.4,0.8,0,,0,4,18.0,10,1.0,2.0,2.0,0.0,0.0,-0.36,bundesliga,2024-2025
35,Michy Batshuayi,be BEL,FW,Eintracht Frankfurt,30,1993,10,300.0,30.0,9.8,3.3,3,53.0,0,7,20.0,4,1.0,4.0,4.0,0.0,0.0,-0.72,bundesliga,2024-2025
36,Daniel Batz,de GER,GK,Mainz 05,33,1991,0,,,,,0,,0,0,,7,,,,,,,bundesliga,2024-2025
37,Maximilian Bauer,de GER,DF,Augsburg,24,2000,11,658.0,60.0,21.5,7.3,8,77.0,6,3,15.0,7,1.27,9.0,16.0,-7.0,-0.96,-0.62,bundesliga,2024-2025
38,Oliver Baumann,de GER,GK,Hoffenheim,34,1990,28,2520.0,90.0,82.4,28.0,28,90.0,28,0,,0,0.93,35.0,53.0,-18.0,-0.64,0.02,bundesliga,2024-2025
39,Christoph Baumgartner,at AUT,"MF,FW",RB Leipzig,24,1999,31,1610.0,52.0,52.6,17.9,18,76.0,7,13,19.0,1,1.58,21.0,29.0,-8.0,-0.45,-1.25,bundesliga,2024-2025
40,Ihlas Bebou,tg TOG,"FW,MF",Hoffenheim,30,1994,1,9.0,9.0,0.3,0.1,0,,0,1,9.0,0,0.0,0.0,1.0,-1.0,-10.0,-9.38,bundesliga,2024-2025
41,Adrian Beck,de GER,"MF,FW",Heidenheim,27,1997,32,1598.0,50.0,52.2,17.8,18,73.0,4,14,20.0,1,0.91,22.0,29.0,-7.0,-0.39,0.84,bundesliga,2024-2025
42,Timo Becker,de GER,"DF,MF",Holstein Kiel,27,1997,30,2445.0,82.0,79.9,27.2,28,84.0,23,2,42.0,1,0.73,41.0,65.0,-24.0,-0.88,0.14,bundesliga,2024-2025
43,Hannes Behrens,de GER,DF,Hoffenheim,19,2005,1,29.0,29.0,0.9,0.3,0,,0,1,29.0,1,0.0,0.0,0.0,0.0,0.0,0.65,bundesliga,2024-2025
44,Kevin Behrens,de GER,FW,Wolfsburg,33,1991,18,170.0,9.0,5.6,1.9,0,,0,18,9.0,14,1.33,6.0,4.0,2.0,1.06,1.06,bundesliga,2024-2025
45,Maximilian Beier,de GER,"MF,FW",Dortmund,21,2002,29,1591.0,55.0,52.0,17.7,17,75.0,6,12,27.0,1,1.55,39.0,24.0,15.0,0.85,0.54,bundesliga,2024-2025
46,Eba Bekir Is,de GER,MF,Eintracht Frankfurt,15,2008,0,,,,,0,,0,0,,1,,,,,,,bundesliga,2024-2025
47,Stefan Bell,de GER,DF,Mainz 05,32,1991,18,1436.0,80.0,46.9,16.0,15,82.0,9,3,67.0,5,1.61,29.0,19.0,10.0,0.63,0.52,bundesliga,2024-2025
48,Jeanuël Belocian,fr FRA,DF,Leverkusen,19,2005,5,68.0,14.0,2.2,0.8,1,45.0,0,4,6.0,5,2.6,2.0,4.0,-2.0,-2.65,-3.58,bundesliga,2024-2025
49,László Bénes,sk SVK,"MF,FW",Union Berlin,26,1997,23,589.0,26.0,19.2,6.5,3,72.0,1,20,19.0,7,1.13,5.0,9.0,-4.0,-0.61,-0.17,bundesliga,2024-2025
50,Ramy Bensebaini,dz ALG,DF,Dortmund,29,1995,31,2022.0,65.0,66.1,22.5,23,80.0,14,8,22.0,0,1.84,50.0,29.0,21.0,0.93,1.02,bundesliga,2024-2025
51,Mergim Berisha,de GER,FW,Hoffenheim,26,1998,11,333.0,30.0,10.9,3.7,3,48.0,0,8,24.0,2,0.73,8.0,11.0,-3.0,-0.81,-0.18,bundesliga,2024-2025
52,Mergim Berisha,de GER,FW,Augsburg,26,1998,2,40.0,20.0,1.3,0.4,0,,0,2,20.0,1,0.5,0.0,1.0,-1.0,-2.25,-1.8,bundesliga,2024-2025
53,Bernardo,br BRA,DF,Bochum,29,1995,21,1782.0,85.0,58.2,19.8,19,90.0,19,2,36.0,0,1.1,20.0,26.0,-6.0,-0.3,1.67,bundesliga,2024-2025
54,Alexander Bernhardsson,se SWE,"FW,MF",Holstein Kiel,25,1998,19,1263.0,66.0,41.3,14.0,15,75.0,4,4,34.0,1,0.79,21.0,30.0,-9.0,-0.64,0.46,bundesliga,2024-2025
55,Matúš Bero,sk SVK,MF,Bochum,28,1995,30,2565.0,86.0,83.8,28.5,29,87.0,22,1,45.0,0,0.83,29.0,47.0,-18.0,-0.63,2.28,bundesliga,2024-2025
56,Jan-Niklas Beste,de GER,"DF,MF",Freiburg,25,1999,12,212.0,18.0,6.9,2.4,0,,0,12,18.0,1,1.83,5.0,2.0,3.0,1.27,1.49,bundesliga,2024-2025
57,Bartosz Białek,pl POL,FW,Wolfsburg,22,2001,0,,,,,0,,0,0,,1,,,,,,,bundesliga,2024-2025
58,El Bilal Touré,ml MLI,FW,Stuttgart,22,2001,12,356.0,30.0,11.6,4.0,3,67.0,0,9,17.0,1,1.42,9.0,7.0,2.0,0.51,0.21,bundesliga,2024-2025
59,Tom Bischof,de GER,MF,Hoffenheim,19,2005,31,2559.0,83.0,83.6,28.4,30,85.0,19,1,15.0,0,0.94,35.0,52.0,-17.0,-0.6,0.3,bundesliga,2024-2025
60,Leonardo Bittencourt,de GER,MF,Werder Bremen,30,1993,27,982.0,36.0,32.1,10.9,10,70.0,2,17,17.0,4,1.41,18.0,26.0,-8.0,-0.73,-0.95,bundesliga,2024-2025
61,Myron Boadu,nl NED,FW,Bochum,23,2001,19,1042.0,55.0,34.1,11.6,11,70.0,2,8,34.0,3,0.42,16.0,26.0,-10.0,-0.86,0.21,bundesliga,2024-2025
62,Sacha Boey,fr FRA,DF,Bayern Munich,23,2000,13,593.0,46.0,19.4,6.6,6,69.0,1,7,26.0,9,2.08,20.0,9.0,11.0,1.67,-0.37,bundesliga,2024-2025
63,Victor Boniface,ng NGA,FW,Leverkusen,23,2000,19,1008.0,53.0,32.9,11.2,12,75.0,0,7,16.0,5,2.0,23.0,11.0,12.0,1.07,0.33,bundesliga,2024-2025
64,Sebastiaan Bornauw,be BEL,DF,Wolfsburg,25,1999,15,788.0,53.0,25.8,8.8,8,90.0,8,7,10.0,4,1.47,18.0,19.0,-1.0,-0.11,-0.23,bundesliga,2024-2025
65,Carlo Boukhalfa,ma MAR,MF,St Pauli,25,1999,25,1646.0,66.0,53.8,18.3,19,81.0,5,6,19.0,7,1.08,15.0,20.0,-5.0,-0.27,0.24,bundesliga,2024-2025
66,Julian Brandt,de GER,MF,Dortmund,28,1996,30,2303.0,77.0,75.3,25.6,28,82.0,10,2,10.0,0,1.7,49.0,40.0,9.0,0.35,-0.96,bundesliga,2024-2025
67,Fabian Bredlow,de GER,GK,Stuttgart,29,1995,0,,,,,0,,0,0,,34,,,,,,,bundesliga,2024-2025
68,Tim Breithaupt,de GER,MF,Augsburg,22,2002,2,120.0,60.0,3.9,1.3,2,60.0,0,0,,13,0.5,2.0,4.0,-2.0,-1.5,-1.07,bundesliga,2024-2025
69,Maximilian Breunig,de GER,FW,Heidenheim,23,2000,13,350.0,27.0,11.4,3.9,2,70.0,0,11,19.0,6,0.77,5.0,9.0,-4.0,-1.03,-0.26,bundesliga,2024-2025
70,Bennit Bröger,de GER,MF,Wolfsburg,18,2006,0,,,,,0,,0,0,,4,,,,,,,bundesliga,2024-2025
71,Moritz Broschinski,de GER,"FW,MF",Bochum,23,2000,33,1390.0,42.0,45.4,15.4,15,70.0,0,18,19.0,1,0.76,11.0,37.0,-26.0,-1.68,-1.25,bundesliga,2024-2025
72,Nathaniel Brown,de GER,"MF,DF",Eintracht Frankfurt,21,2003,26,1947.0,75.0,63.6,21.6,22,84.0,12,4,26.0,2,1.77,45.0,27.0,18.0,0.83,0.51,bundesliga,2024-2025
73,Jacob Bruun Larsen,dk DEN,"MF,FW",Hoffenheim,25,1998,12,400.0,33.0,13.1,4.4,3,79.0,0,9,18.0,3,0.92,7.0,10.0,-3.0,-0.68,-0.03,bundesliga,2024-2025
74,Jacob Bruun Larsen,dk DEN,MF,Stuttgart,25,1998,15,414.0,28.0,13.5,4.6,3,70.0,0,12,17.0,2,1.4,8.0,7.0,1.0,0.22,-0.12,bundesliga,2024-2025
75,Emi Buendía,ar ARG,MF,Leverkusen,27,1996,11,257.0,23.0,8.4,2.9,3,55.0,0,8,12.0,4,2.0,4.0,4.0,0.0,0.0,-0.93,bundesliga,2024-2025
76,Marius Bülter,de GER,"MF,FW",Hoffenheim,31,1993,25,1729.0,69.0,56.5,19.2,22,74.0,7,3,31.0,0,0.92,34.0,40.0,-6.0,-0.31,0.77,bundesliga,2024-2025
77,Jan Bürger,de GER,DF,Wolfsburg,17,2007,0,,,,,0,,0,0,,1,,,,,,,bundesliga,2024-2025
78,Jonathan Burkardt,de GER,FW,Mainz 05,24,2000,29,2109.0,73.0,68.9,23.4,28,74.0,9,1,24.0,0,1.59,42.0,32.0,10.0,0.43,0.24,bundesliga,2024-2025
79,Oliver Burke,sct SCO,FW,Werder Bremen,27,1997,25,908.0,36.0,29.7,10.1,9,78.0,3,16,13.0,4,1.48,16.0,13.0,3.0,0.3,0.55,bundesliga,2024-2025
80,Marnon Busch,de GER,"DF,MF",Heidenheim,29,1994,23,1396.0,61.0,45.6,15.5,15,80.0,8,8,24.0,8,1.09,13.0,26.0,-13.0,-0.84,-0.08,bundesliga,2024-2025
81,Jakob Busk,dk DEN,GK,Hoffenheim,30,1993,0,,,,,0,,0,0,,4,,,,,,,bundesliga,2024-2025
82,Anthony Caci,fr FRA,MF,Mainz 05,27,1997,33,2684.0,81.0,87.7,29.8,33,81.0,11,0,,0,1.55,54.0,38.0,16.0,0.54,1.49,bundesliga,2024-2025
83,Cole Campbell,us USA,FW,Dortmund,18,2006,4,22.0,6.0,0.7,0.2,0,,0,4,6.0,8,0.75,0.0,0.0,0.0,0.0,-0.59,bundesliga,2024-2025
84,Emre Can,de GER,"DF,MF",Dortmund,30,1994,31,2105.0,68.0,68.8,23.4,23,85.0,19,8,18.0,0,1.71,43.0,33.0,10.0,0.43,-0.51,bundesliga,2024-2025
85,Tiago Cardoso,lu LUX,GK,Gladbach,18,2006,5,380.0,76.0,12.4,4.2,4,90.0,4,1,20.0,6,2.0,7.0,3.0,4.0,0.95,1.15,bundesliga,2024-2025
86,Abdoulie Ceesay,gm GAM,FW,St Pauli,20,2004,7,60.0,9.0,2.0,0.7,0,,0,7,9.0,7,0.43,2.0,1.0,1.0,1.5,1.92,bundesliga,2024-2025
87,Julian Chabot,de GER,DF,Stuttgart,26,1998,31,2269.0,73.0,74.2,25.2,27,82.0,18,4,12.0,0,1.55,47.0,38.0,9.0,0.36,0.13,bundesliga,2024-2025
88,El Chadaille Bitshiabu,fr FRA,DF,RB Leipzig,19,2005,21,1130.0,54.0,36.9,12.6,13,80.0,8,8,12.0,7,1.38,14.0,14.0,0.0,0.0,-0.23,bundesliga,2024-2025
89,Fares Chaïbi,dz ALG,MF,Eintracht Frankfurt,21,2002,26,1013.0,39.0,33.1,11.3,10,71.0,1,16,19.0,4,1.77,22.0,21.0,1.0,0.09,-0.83,bundesliga,2024-2025
90,Timothy Chandler,us USA,"DF,MF",Eintracht Frankfurt,34,1990,3,24.0,8.0,0.8,0.3,0,,0,3,8.0,7,2.33,0.0,1.0,-1.0,-3.75,-4.43,bundesliga,2024-2025
91,Anrie Chase,jp JPN,DF,Stuttgart,20,2004,12,734.0,61.0,24.0,8.2,7,90.0,7,5,21.0,3,1.58,16.0,12.0,4.0,0.49,0.22,bundesliga,2024-2025
92,Arthur Chaves,br BRA,DF,Hoffenheim,23,2001,26,2185.0,84.0,71.4,24.3,24,88.0,20,2,42.0,2,1.12,34.0,46.0,-12.0,-0.49,0.53,bundesliga,2024-2025
93,Fabio Chiarodia,it ITA,DF,Gladbach,19,2005,16,379.0,24.0,12.4,4.2,3,79.0,1,13,11.0,17,1.56,6.0,10.0,-4.0,-0.95,-1.02,bundesliga,2024-2025
94,Carney Chukwuemeka,eng ENG,MF,Dortmund,20,2003,10,253.0,25.0,8.3,2.8,1,69.0,0,9,20.0,1,2.5,13.0,2.0,11.0,3.91,3.62,bundesliga,2024-2025
95,Alexis Claude-Maurice,fr FRA,"MF,FW",Augsburg,26,1998,28,2109.0,75.0,68.9,23.4,25,80.0,7,3,37.0,3,1.36,23.0,22.0,1.0,0.04,1.65,bundesliga,2024-2025
96,Nnamdi Collins,de GER,"DF,MF",Eintracht Frankfurt,20,2004,24,1489.0,62.0,48.7,16.5,15,84.0,11,9,26.0,7,1.96,36.0,18.0,18.0,1.09,0.86,bundesliga,2024-2025
97,Kingsley Coman,fr FRA,MF,Bayern Munich,28,1996,28,1282.0,46.0,41.9,14.2,14,69.0,2,14,23.0,0,2.57,49.0,5.0,44.0,3.09,1.92,bundesliga,2024-2025
98,Sirlord Conteh,de GER,"MF,FW",Heidenheim,28,1996,29,892.0,31.0,29.2,9.9,4,58.0,0,25,26.0,4,0.69,14.0,27.0,-13.0,-1.31,-0.73,bundesliga,2024-2025
99,Danny da Costa,de GER,DF,Mainz 05,31,1993,25,2006.0,80.0,65.6,22.3,25,80.0,19,0,,7,1.56,35.0,26.0,9.0,0.4,0.15,bundesliga,2024-2025
100,Abdoul Coulibaly,de GER,DF,Werder Bremen,17,2007,0,,,,,0,,0,0,,1,,,,,,,bundesliga,2024-2025
101,Yan Couto,br BRA,"DF,MF",Dortmund,22,2002,21,895.0,43.0,29.2,9.9,8,78.0,3,13,21.0,8,1.67,21.0,19.0,2.0,0.2,-0.55,bundesliga,2024-2025
102,Patrice Čović,hr CRO,MF,Werder Bremen,17,2007,0,,,,,0,,0,0,,6,,,,,,,bundesliga,2024-2025
103,Nicolas Cozza,fr FRA,DF,Wolfsburg,25,1999,0,,,,,0,,0,0,,1,,,,,,,bundesliga,2024-2025
104,Tomáš Čvančara,cz CZE,"MF,FW",Gladbach,23,2000,28,831.0,30.0,27.2,9.2,7,76.0,2,21,14.0,5,1.25,12.0,21.0,-9.0,-0.97,-1.26,bundesliga,2024-2025
105,Finn Dahmen,de GER,GK,Augsburg,26,1998,19,1710.0,90.0,55.9,19.0,19,90.0,19,0,,10,1.42,18.0,19.0,-1.0,-0.05,0.95,bundesliga,2024-2025
106,Thomas Dähne,de GER,GK,Holstein Kiel,30,1994,9,810.0,90.0,26.5,9.0,9,90.0,9,0,,25,0.89,12.0,19.0,-7.0,-0.78,0.18,bundesliga,2024-2025
107,Mahmoud Dahoud,de GER,MF,Eintracht Frankfurt,28,1996,9,364.0,40.0,11.9,4.0,3,71.0,1,6,25.0,16,1.89,14.0,9.0,5.0,1.24,0.67,bundesliga,2024-2025
108,Ameen Al-Dakhil,be BEL,DF,Stuttgart,22,2002,7,432.0,62.0,14.1,4.8,6,70.0,1,1,11.0,7,1.0,10.0,6.0,4.0,0.83,0.59,bundesliga,2024-2025
109,Bence Dárdai,hu HUN,MF,Wolfsburg,18,2006,21,1304.0,62.0,42.6,14.5,16,75.0,3,5,20.0,13,1.52,22.0,24.0,-2.0,-0.14,-0.34,bundesliga,2024-2025
110,Lukas Daschner,de GER,"FW,MF",Bochum,25,1998,14,412.0,29.0,13.5,4.6,3,61.0,0,11,21.0,4,0.43,5.0,11.0,-6.0,-1.31,-0.36,bundesliga,2024-2025
111,Alphonso Davies,ca CAN,DF,Bayern Munich,23,2000,19,1560.0,82.0,51.0,17.3,17,89.0,13,2,28.0,2,2.58,52.0,15.0,37.0,2.13,0.33,bundesliga,2024-2025
112,David Deger,de GER,MF,Augsburg,24,2000,0,,,,,0,,0,0,,1,,,,,,,bundesliga,2024-2025
113,Olivier Deman,be BEL,"DF,FW",Werder Bremen,24,2000,9,67.0,7.0,2.2,0.7,0,,0,9,7.0,6,2.0,1.0,0.0,1.0,1.34,1.46,bundesliga,2024-2025
114,Ermedin Demirović,ba BIH,FW,Stuttgart,26,1998,34,1855.0,55.0,60.6,20.6,20,79.0,6,14,20.0,0,1.47,40.0,32.0,8.0,0.39,0.16,bundesliga,2024-2025
115,Justin Diehl,de GER,MF,Stuttgart,19,2004,6,104.0,17.0,3.4,1.2,0,,0,6,17.0,3,1.17,5.0,3.0,2.0,1.73,1.46,bundesliga,2024-2025
116,Eric Dier,eng ENG,DF,Bayern Munich,30,1994,21,1463.0,70.0,47.8,16.3,16,88.0,14,5,11.0,13,2.33,43.0,17.0,26.0,1.6,-0.71,bundesliga,2024-2025
117,Junior Dina Ebimbe,cm CMR,MF,Eintracht Frankfurt,23,2000,7,293.0,42.0,9.6,3.3,3,61.0,0,4,28.0,2,1.57,7.0,5.0,2.0,0.61,-0.04,bundesliga,2024-2025
118,Eren Dinkçi,de GER,MF,Freiburg,22,2001,23,1196.0,52.0,39.1,13.3,13,72.0,3,10,26.0,2,1.52,19.0,18.0,1.0,0.08,0.32,bundesliga,2024-2025
119,Ritsu Doan,jp JPN,MF,Freiburg,26,1998,34,2862.0,84.0,93.5,31.8,33,86.0,18,1,33.0,0,1.62,48.0,47.0,1.0,0.03,2.3,bundesliga,2024-2025
120,Danilho Doekhi,nl NED,DF,Union Berlin,26,1998,34,3060.0,90.0,100.0,34.0,34,90.0,34,0,,0,1.18,36.0,50.0,-14.0,-0.41,,bundesliga,2024-2025
121,Niklas Dorsch,de GER,MF,Augsburg,26,1998,1,32.0,32.0,1.0,0.4,0,,0,1,32.0,0,1.0,0.0,0.0,0.0,0.0,0.48,bundesliga,2024-2025
122,Niklas Dorsch,de GER,MF,Heidenheim,26,1998,22,1335.0,61.0,43.6,14.8,19,67.0,1,3,21.0,1,0.95,15.0,25.0,-10.0,-0.67,0.21,bundesliga,2024-2025
123,Patrick Drewes,de GER,GK,Bochum,31,1993,21,1890.0,90.0,61.8,21.0,21,90.0,21,0,,12,0.62,19.0,46.0,-27.0,-1.29,-0.75,bundesliga,2024-2025
124,Tim Drexler,de GER,DF,Hoffenheim,19,2005,8,357.0,45.0,11.7,4.0,5,54.0,1,3,29.0,3,1.0,5.0,12.0,-7.0,-1.76,-1.27,bundesliga,2024-2025
125,Stefan Drljača,de GER,GK,Stuttgart,25,1999,0,,,,,0,,0,0,,1,,,,,,,bundesliga,2024-2025
126,Marvin Ducksch,de GER,FW,Werder Bremen,30,1994,32,2418.0,76.0,79.0,26.9,30,79.0,9,2,20.0,0,1.5,41.0,41.0,0.0,0.0,0.42,bundesliga,2024-2025
127,Julien Duranville,be BEL,MF,Dortmund,18,2006,12,283.0,24.0,9.2,3.1,2,51.0,0,10,18.0,17,1.42,4.0,6.0,-2.0,-0.64,-1.35,bundesliga,2024-2025
128,Adam Dźwigała,pl POL,DF,St Pauli,28,1995,16,373.0,23.0,12.2,4.1,2,61.0,0,14,18.0,15,0.88,3.0,9.0,-6.0,-1.45,-1.21,bundesliga,2024-2025
129,Johannes Eggestein,de GER,FW,St Pauli,26,1998,27,1853.0,69.0,60.6,20.6,22,82.0,3,5,11.0,5,1.0,16.0,25.0,-9.0,-0.44,-0.14,bundesliga,2024-2025
130,Maximilian Eggestein,de GER,MF,Freiburg,27,1996,33,2845.0,86.0,93.0,31.6,33,86.0,23,0,,1,1.67,46.0,50.0,-4.0,-0.13,-0.13,bundesliga,2024-2025
131,Vitus Eicher,de GER,GK,Heidenheim,33,1990,0,,,,,0,,0,0,,19,,,,,,,bundesliga,2024-2025
132,Hugo Ekitike,fr FRA,FW,Eintracht Frankfurt,22,2002,33,2563.0,78.0,83.8,28.5,31,81.0,9,2,25.0,0,1.73,54.0,36.0,18.0,0.63,-0.09,bundesliga,2024-2025
133,Agon Elezi,mk MKD,MF,Bochum,23,2001,0,,,,,0,,0,0,,2,,,,,,,bundesliga,2024-2025
134,Elif Elmas,mk MKD,"FW,MF",RB Leipzig,24,1999,2,44.0,22.0,1.4,0.5,0,,0,2,22.0,10,1.5,0.0,0.0,0.0,0.0,-0.15,bundesliga,2024-2025
135,Rodney Elongo-Yombo,de GER,"FW,MF",Dortmund,23,2001,0,,,,,0,,0,0,,2,,,,,,,bundesliga,2024-2025
136,Nico Elvedi,ch SUI,DF,Gladbach,27,1996,25,2135.0,85.0,69.8,23.7,25,85.0,22,0,,2,1.28,35.0,38.0,-3.0,-0.13,-0.22,bundesliga,2024-2025
137,Marcel Engelhardt,de GER,GK,Holstein Kiel,31,1993,0,,,,,0,,0,0,,7,,,,,,,bundesliga,2024-2025
138,Arne Engels,be BEL,FW,Augsburg,20,2003,1,79.0,79.0,2.6,0.9,1,79.0,0,0,,0,1.0,2.0,2.0,0.0,0.0,0.48,bundesliga,2024-2025
139,Patrick Erras,de GER,DF,Holstein Kiel,29,1995,10,832.0,83.0,27.2,9.2,10,83.0,8,0,,0,0.4,8.0,22.0,-14.0,-1.51,-0.83,bundesliga,2024-2025
140,Samuel Essende,cd COD,FW,Augsburg,26,1998,30,1636.0,55.0,53.5,18.2,21,67.0,3,9,25.0,1,1.3,16.0,37.0,-21.0,-1.16,-1.47,bundesliga,2024-2025
141,Frank Feller,de GER,GK,Heidenheim,20,2004,2,121.0,61.0,4.0,1.3,1,90.0,1,1,31.0,14,2.0,3.0,0.0,3.0,2.23,3.15,bundesliga,2024-2025
142,Noah Fenyő,hu HUN,MF,Eintracht Frankfurt,18,2006,0,,,,,0,,0,0,,1,,,,,,,bundesliga,2024-2025
143,Kilian Fischer,de GER,DF,Wolfsburg,23,2000,32,2297.0,72.0,75.1,25.5,29,78.0,12,3,15.0,0,1.22,36.0,46.0,-10.0,-0.39,-1.81,bundesliga,2024-2025
144,Jonas Föhrenbach,de GER,"DF,MF",Heidenheim,28,1996,27,1832.0,68.0,59.9,20.4,22,80.0,17,5,13.0,6,0.74,24.0,45.0,-21.0,-1.03,-0.59,bundesliga,2024-2025
145,Marco Friedl,at AUT,DF,Werder Bremen,26,1998,26,2161.0,83.0,70.6,24.0,25,86.0,20,1,9.0,0,1.69,38.0,26.0,12.0,0.5,2.0,bundesliga,2024-2025
146,Marvin Friedrich,de GER,DF,Gladbach,28,1995,22,989.0,45.0,32.3,11.0,9,90.0,9,13,14.0,9,1.73,18.0,15.0,3.0,0.27,0.49,bundesliga,2024-2025
147,Jeremie Frimpong,nl NED,MF,Leverkusen,23,2000,33,2314.0,70.0,75.6,25.7,25,84.0,10,8,28.0,1,2.06,53.0,33.0,20.0,0.78,-0.31,bundesliga,2024-2025
148,Chris Führich,de GER,MF,Stuttgart,26,1998,33,1981.0,60.0,64.7,22.0,23,76.0,5,10,24.0,0,1.52,39.0,29.0,10.0,0.45,0.37,bundesliga,2024-2025
149,Shiō Fukuda,jp JPN,FW,Gladbach,20,2004,6,60.0,10.0,2.0,0.7,0,,0,6,10.0,18,0.0,2.0,4.0,-2.0,-3.0,-3.0,bundesliga,2024-2025
150,Cristian Gamboa,cr CRC,MF,Bochum,34,1989,12,226.0,19.0,7.4,2.5,1,45.0,0,11,16.0,18,0.75,3.0,10.0,-7.0,-2.79,-1.93,bundesliga,2024-2025
151,Aleix García,es ESP,MF,Leverkusen,27,1997,28,1455.0,52.0,47.5,16.2,17,78.0,9,11,12.0,6,2.11,31.0,27.0,4.0,0.25,-1.15,bundesliga,2024-2025
152,Viggo Gebel,de GER,MF,RB Leipzig,16,2007,1,14.0,14.0,0.5,0.2,0,,0,1,14.0,15,0.0,1.0,1.0,0.0,0.0,-0.15,bundesliga,2024-2025
153,Lutsharel Geertruida,nl NED,DF,RB Leipzig,24,2000,24,1557.0,65.0,50.9,17.3,17,82.0,11,7,22.0,7,1.5,26.0,27.0,-1.0,-0.06,-0.42,bundesliga,2024-2025
154,Dennis Geiger,de GER,MF,Hoffenheim,26,1998,20,734.0,37.0,24.0,8.2,7,74.0,2,13,16.0,5,0.75,9.0,23.0,-14.0,-1.72,-1.41,bundesliga,2024-2025
155,Valentin Gendrey,fr FRA,"DF,MF",Hoffenheim,24,2000,22,1414.0,64.0,46.2,15.7,14,82.0,8,8,34.0,2,0.77,19.0,25.0,-6.0,-0.38,0.49,bundesliga,2024-2025
156,Yannick Gerhardt,de GER,"MF,DF",Wolfsburg,30,1994,29,1518.0,52.0,49.6,16.9,15,81.0,11,14,22.0,2,1.41,28.0,27.0,1.0,0.06,0.0,bundesliga,2024-2025
157,Max Geschwill,de GER,DF,Holstein Kiel,23,2001,19,1282.0,67.0,41.9,14.2,13,84.0,8,6,31.0,10,0.74,17.0,33.0,-16.0,-1.12,-0.36,bundesliga,2024-2025
158,Dimitris Giannoulis,gr GRE,MF,Augsburg,28,1995,31,2650.0,85.0,86.6,29.4,31,85.0,25,0,,0,1.23,31.0,46.0,-15.0,-0.51,-0.29,bundesliga,2024-2025
159,Armin Gigovic,ba BIH,MF,Holstein Kiel,22,2002,31,1895.0,61.0,61.9,21.1,23,73.0,3,8,28.0,2,0.81,33.0,44.0,-11.0,-0.52,1.02,bundesliga,2024-2025
160,Benedikt Gimber,de GER,DF,Heidenheim,27,1997,32,2671.0,83.0,87.3,29.7,32,83.0,23,0,,1,0.91,34.0,55.0,-21.0,-0.71,0.68,bundesliga,2024-2025
161,Matthias Ginter,de GER,DF,Freiburg,30,1994,32,2561.0,80.0,83.7,28.5,28,87.0,27,4,28.0,1,1.63,43.0,42.0,1.0,0.04,0.94,bundesliga,2024-2025
162,Jamie Gittens,eng ENG,MF,Dortmund,19,2004,32,1776.0,56.0,58.0,19.7,21,74.0,4,11,20.0,2,1.66,35.0,34.0,1.0,0.05,-1.28,bundesliga,2024-2025
163,Daniel Gleiber,de GER,MF,Mainz 05,19,2005,0,,,,,0,,0,0,,9,,,,,,,bundesliga,2024-2025
164,Serge Gnabry,de GER,"MF,FW",Bayern Munich,29,1995,27,1242.0,46.0,40.6,13.8,13,73.0,4,14,21.0,2,2.44,46.0,15.0,31.0,2.25,0.46,bundesliga,2024-2025
165,Tidiam Gomis,fr FRA,FW,RB Leipzig,17,2006,8,152.0,19.0,5.0,1.7,1,66.0,0,7,12.0,6,1.13,3.0,2.0,1.0,0.59,0.47,bundesliga,2024-2025
166,Leon Goretzka,de GER,MF,Bayern Munich,29,1995,26,1325.0,51.0,43.3,14.7,13,80.0,9,13,22.0,5,2.38,42.0,14.0,28.0,1.9,-0.12,bundesliga,2024-2025
167,Robin Gosens,de GER,MF,Union Berlin,30,1994,1,90.0,90.0,2.9,1.0,1,90.0,1,0,,0,1.0,1.0,1.0,0.0,0.0,0.48,bundesliga,2024-2025
168,Mario Götze,de GER,MF,Eintracht Frankfurt,32,1992,24,1542.0,64.0,50.4,17.1,18,77.0,4,6,26.0,4,1.83,30.0,20.0,10.0,0.58,-0.13,bundesliga,2024-2025
169,Jeffrey Gouweleeuw,nl NED,DF,Augsburg,33,1991,33,2944.0,89.0,96.2,32.7,33,89.0,32,0,,0,1.3,34.0,46.0,-12.0,-0.37,2.74,bundesliga,2024-2025
170,Kamil Grabara,pl POL,GK,Wolfsburg,25,1999,29,2585.0,89.0,84.5,28.7,29,89.0,28,0,,0,1.17,50.0,49.0,1.0,0.03,-0.15,bundesliga,2024-2025
171,Jens Grahl,de GER,GK,Eintracht Frankfurt,35,1988,0,,,,,0,,0,0,,12,,,,,,,bundesliga,2024-2025
172,Paul Grave,de GER,GK,Bochum,23,2001,0,,,,,0,,0,0,,1,,,,,,,bundesliga,2024-2025
173,Michael Gregoritsch,at AUT,FW,Freiburg,30,1994,20,639.0,32.0,20.9,7.1,5,73.0,1,15,18.0,8,1.25,15.0,13.0,2.0,0.28,0.5,bundesliga,2024-2025
174,Vincenzo Grifo,it ITA,MF,Freiburg,31,1993,34,2432.0,72.0,79.5,27.0,31,76.0,6,3,30.0,0,1.62,43.0,42.0,1.0,0.04,0.75,bundesliga,2024-2025
175,Florian Grillitsch,at AUT,"MF,DF",Hoffenheim,28,1995,8,601.0,75.0,19.6,6.7,8,75.0,4,0,,0,1.13,9.0,11.0,-2.0,-0.3,0.43,bundesliga,2024-2025
176,Álex Grimaldo,es ESP,MF,Leverkusen,28,1995,32,2636.0,82.0,86.1,29.3,31,84.0,20,1,32.0,1,2.09,65.0,34.0,31.0,1.06,1.48,bundesliga,2024-2025
177,Pascal Groß,de GER,"MF,DF",Dortmund,33,1991,30,2327.0,78.0,76.0,25.9,28,81.0,15,2,34.0,0,1.7,54.0,36.0,18.0,0.7,0.45,bundesliga,2024-2025
178,Marco Grüll,at AUT,"FW,MF",Werder Bremen,26,1998,30,1181.0,39.0,38.6,13.1,13,71.0,1,17,15.0,1,1.6,23.0,27.0,-4.0,-0.3,-0.35,bundesliga,2024-2025
179,Raphaël Guerreiro,pt POR,"DF,MF",Bayern Munich,30,1993,23,1572.0,68.0,51.4,17.5,19,78.0,5,4,20.0,9,2.48,48.0,14.0,34.0,1.95,-0.05,bundesliga,2024-2025
180,Morgan Guilavogui,gn GUI,"FW,MF",St Pauli,26,1998,25,1807.0,72.0,59.1,20.1,21,80.0,7,4,31.0,0,1.0,15.0,16.0,-1.0,-0.05,0.81,bundesliga,2024-2025
181,Serhou Guirassy,gn GUI,FW,Dortmund,28,1996,30,2598.0,87.0,84.9,28.9,29,89.0,24,1,30.0,0,1.57,58.0,49.0,9.0,0.31,-1.83,bundesliga,2024-2025
182,Péter Gulácsi,hu HUN,GK,RB Leipzig,34,1990,30,2631.0,88.0,86.0,29.2,30,88.0,28,0,,1,1.57,44.0,39.0,5.0,0.17,0.17,bundesliga,2024-2025
183,Robert Gumny,pl POL,MF,Augsburg,26,1998,7,271.0,39.0,8.9,3.0,2,65.0,0,5,28.0,4,0.71,3.0,7.0,-4.0,-1.33,-0.94,bundesliga,2024-2025
184,Christian Günter,de GER,DF,Freiburg,31,1993,29,2314.0,80.0,75.6,25.7,27,85.0,15,2,16.0,5,1.66,36.0,36.0,0.0,0.0,0.48,bundesliga,2024-2025
185,Janik Haberer,de GER,MF,Union Berlin,30,1994,28,1696.0,61.0,55.4,18.8,21,75.0,5,7,16.0,6,1.39,21.0,24.0,-3.0,-0.16,0.7,bundesliga,2024-2025
186,Robin Hack,de GER,MF,Gladbach,25,1998,33,2172.0,66.0,71.0,24.1,27,76.0,4,6,22.0,1,1.36,43.0,36.0,7.0,0.29,1.2,bundesliga,2024-2025
187,Amadou Haidara,ml MLI,MF,RB Leipzig,26,1998,28,1320.0,47.0,43.1,14.7,16,64.0,2,12,24.0,2,1.64,21.0,14.0,7.0,0.48,0.58,bundesliga,2024-2025
188,Sébastien Haller,ci CIV,FW,Dortmund,30,1994,0,,,,,0,,0,0,,1,,,,,,,bundesliga,2024-2025
189,Andreas Hanche-Olsen,no NOR,DF,Mainz 05,27,1997,22,1284.0,58.0,42.0,14.3,12,85.0,11,10,27.0,6,1.55,26.0,27.0,-1.0,-0.07,-0.73,bundesliga,2024-2025
190,Isak Hansen-Aarøen,no NOR,MF,Werder Bremen,19,2004,0,,,,,0,,0,0,,9,,,,,,,bundesliga,2024-2025
191,Phil Harres,de GER,FW,Holstein Kiel,22,2002,26,1544.0,59.0,50.5,17.2,17,78.0,7,9,24.0,1,0.85,25.0,38.0,-13.0,-0.76,0.31,bundesliga,2024-2025
192,Ramon Hendriks,nl NED,DF,Stuttgart,23,2001,25,1154.0,46.0,37.7,12.8,10,88.0,9,15,19.0,8,1.52,26.0,22.0,4.0,0.31,-0.02,bundesliga,2024-2025
193,Paul Hennrich,de GER,MF,Hoffenheim,19,2005,1,12.0,12.0,0.4,0.1,0,,0,1,12.0,0,1.0,1.0,0.0,1.0,7.5,8.18,bundesliga,2024-2025
194,Benjamin Henrichs,de GER,"DF,MF",RB Leipzig,27,1997,15,935.0,62.0,30.6,10.4,10,84.0,6,5,19.0,0,1.8,17.0,20.0,-3.0,-0.29,-0.63,bundesliga,2024-2025
195,Mario Hermoso,es ESP,DF,Leverkusen,29,1995,4,293.0,73.0,9.6,3.3,3,90.0,3,1,23.0,1,1.75,4.0,3.0,1.0,0.31,-0.6,bundesliga,2024-2025
196,Charles Herrmann,de GER,FW,Gladbach,18,2006,0,,,,,0,,0,0,,2,,,,,,,bundesliga,2024-2025
197,Piero Hincapié,ec ECU,DF,Leverkusen,22,2002,32,2670.0,83.0,87.3,29.7,28,89.0,25,4,44.0,1,2.06,61.0,35.0,26.0,0.88,0.18,bundesliga,2024-2025
198,Adam Hložek,cz CZE,"FW,MF",Hoffenheim,22,2002,27,1871.0,69.0,61.1,20.8,22,81.0,13,5,18.0,0,0.85,28.0,44.0,-16.0,-0.77,-0.32,bundesliga,2024-2025
199,Nicolas Höfler,de GER,MF,Freiburg,34,1990,20,794.0,40.0,25.9,8.8,7,86.0,6,13,15.0,14,1.45,12.0,11.0,1.0,0.11,0.31,bundesliga,2024-2025
200,Jonas Hofmann,de GER,MF,Leverkusen,32,1992,11,356.0,32.0,11.6,4.0,4,58.0,0,7,18.0,16,1.82,7.0,6.0,1.0,0.25,-0.68,bundesliga,2024-2025
201,Philipp Hofmann,de GER,FW,Bochum,31,1993,32,2277.0,71.0,74.4,25.3,27,81.0,13,5,19.0,0,0.69,21.0,45.0,-24.0,-0.95,0.2,bundesliga,2024-2025
202,Lucas Höler,de GER,"FW,MF",Freiburg,30,1994,31,1867.0,60.0,61.0,20.7,21,79.0,8,10,20.0,2,1.61,30.0,34.0,-4.0,-0.19,-0.19,bundesliga,2024-2025
203,Benedict Hollerbach,de GER,"FW,MF",Union Berlin,23,2001,34,2540.0,75.0,83.0,28.2,30,80.0,11,4,35.0,0,1.18,33.0,42.0,-9.0,-0.32,0.89,bundesliga,2024-2025
204,Lewis Holtby,de GER,MF,Holstein Kiel,33,1990,25,1238.0,50.0,40.5,13.8,13,72.0,3,12,25.0,1,0.56,16.0,40.0,-24.0,-1.74,-1.4,bundesliga,2024-2025
205,Gerrit Holtmann,ph PHI,"MF,DF",Bochum,29,1995,23,1136.0,49.0,37.1,12.6,12,69.0,1,11,28.0,2,0.65,16.0,22.0,-6.0,-0.48,0.83,bundesliga,2024-2025
206,Franck Honorat,fr FRA,MF,Gladbach,27,1996,19,1439.0,76.0,47.0,16.0,18,78.0,1,1,31.0,1,1.37,31.0,22.0,9.0,0.56,1.17,bundesliga,2024-2025
207,Mathias Honsak,at AUT,"MF,FW",Heidenheim,27,1996,22,1181.0,54.0,38.6,13.1,12,82.0,7,10,20.0,0,0.68,12.0,32.0,-20.0,-1.52,-1.19,bundesliga,2024-2025
208,Timo Horn,de GER,GK,Bochum,31,1993,13,1170.0,90.0,38.2,13.0,13,90.0,13,0,,21,0.92,13.0,22.0,-9.0,-0.69,0.5,bundesliga,2024-2025
209,Lukáš Hrádecký,fi FIN,GK,Leverkusen,34,1989,29,2610.0,90.0,85.3,29.0,29,90.0,29,0,,4,2.03,63.0,38.0,25.0,0.86,0.06,bundesliga,2024-2025
210,Robin Hranáč,cz CZE,DF,Hoffenheim,24,2000,4,219.0,55.0,7.2,2.4,2,59.0,0,2,51.0,15,0.0,3.0,7.0,-4.0,-1.64,-1.07,bundesliga,2024-2025
211,Jannik Huth,de GER,GK,Freiburg,30,1994,0,,,,,0,,0,0,,12,,,,,,,bundesliga,2024-2025
212,Hong Hyunseok,kr KOR,MF,Mainz 05,25,1999,23,530.0,23.0,17.3,5.9,4,55.0,0,19,16.0,9,1.48,10.0,11.0,-1.0,-0.17,-0.63,bundesliga,2024-2025
213,Oscar Højlund,dk DEN,MF,Eintracht Frankfurt,19,2005,20,722.0,36.0,23.6,8.0,7,66.0,2,13,20.0,3,1.65,12.0,11.0,1.0,0.12,-0.68,bundesliga,2024-2025
214,Arijon Ibrahimović,de GER,MF,Bayern Munich,18,2005,1,1.0,1.0,0.0,0.0,0,,0,1,1.0,5,3.0,0.0,0.0,0.0,0.0,-1.97,bundesliga,2024-2025
215,Juan Ignacio Cabrera,de GER,MF,Augsburg,21,2003,0,,,,,0,,0,0,,3,,,,,,,bundesliga,2024-2025
216,Andrej Ilic,rs SRB,FW,Union Berlin,24,2000,16,937.0,59.0,30.6,10.4,11,69.0,1,5,35.0,0,1.25,16.0,19.0,-3.0,-0.29,0.26,bundesliga,2024-2025
217,Jackson Irvine,au AUS,MF,St Pauli,31,1993,29,2610.0,90.0,85.3,29.0,29,90.0,29,0,,0,1.0,25.0,35.0,-10.0,-0.34,0.26,bundesliga,2024-2025
218,Ko Itakura,jp JPN,DF,Gladbach,27,1997,31,2790.0,90.0,91.2,31.0,31,90.0,31,0,,0,1.35,51.0,52.0,-1.0,-0.03,0.3,bundesliga,2024-2025
219,Hiroki Ito,jp JPN,DF,Bayern Munich,25,1999,6,250.0,42.0,8.2,2.8,3,68.0,0,3,15.0,0,1.83,6.0,5.0,1.0,0.36,-1.75,bundesliga,2024-2025
220,Marko Ivezić,rs SRB,DF,Holstein Kiel,22,2001,23,1657.0,72.0,54.2,18.4,18,85.0,15,5,25.0,10,0.7,26.0,40.0,-14.0,-0.76,0.33,bundesliga,2024-2025
221,Lee Jae-sung,kr KOR,MF,Mainz 05,31,1992,33,2650.0,80.0,86.6,29.4,31,83.0,13,2,37.0,0,1.48,45.0,38.0,7.0,0.24,-0.86,bundesliga,2024-2025
222,Paul Jaeckel,de GER,DF,Union Berlin,26,1998,0,,,,,0,,0,0,,1,,,,,,,bundesliga,2024-2025
223,Kristijan Jakić,hr CRO,MF,Augsburg,27,1997,31,2306.0,74.0,75.4,25.6,27,82.0,20,4,22.0,0,1.26,26.0,38.0,-12.0,-0.47,0.01,bundesliga,2024-2025
224,Luka Janes,de GER,MF,Heidenheim,20,2004,0,,,,,0,,0,0,,2,,,,,,,bundesliga,2024-2025
225,Luca Jaquez,ch SUI,DF,Stuttgart,21,2003,5,253.0,51.0,8.3,2.8,2,78.0,0,3,32.0,8,2.4,10.0,2.0,8.0,2.85,2.75,bundesliga,2024-2025
226,Nuha Jatta,gm GAM,MF,RB Leipzig,18,2006,0,,,,,0,,0,0,,3,,,,,,,bundesliga,2024-2025
227,Dominik Javorček,sk SVK,"MF,DF",Holstein Kiel,21,2002,13,386.0,30.0,12.6,4.3,4,65.0,0,9,14.0,12,1.0,8.0,14.0,-6.0,-1.4,-0.56,bundesliga,2024-2025
228,Finn Jeltsch,de GER,DF,Stuttgart,18,2006,12,780.0,65.0,25.5,8.7,9,84.0,8,3,9.0,1,1.17,13.0,16.0,-3.0,-0.35,-0.9,bundesliga,2024-2025
229,Fredrik Jensen,fi FIN,"MF,FW",Augsburg,26,1997,20,763.0,38.0,24.9,8.5,9,64.0,0,11,17.0,2,1.35,7.0,7.0,0.0,0.0,0.63,bundesliga,2024-2025
230,Moritz Jenz,de GER,DF,Mainz 05,25,1999,19,1600.0,84.0,52.3,17.8,18,89.0,16,1,5.0,4,1.68,27.0,22.0,5.0,0.28,-0.15,bundesliga,2024-2025
231,Niklas Jessen,de GER,MF,Dortmund,20,2003,0,,,,,0,,0,0,,1,,,,,,,bundesliga,2024-2025
232,Carl Johansson,se SWE,DF,Holstein Kiel,30,1994,10,568.0,57.0,18.6,6.3,7,75.0,4,3,15.0,7,1.1,11.0,19.0,-8.0,-1.27,-0.44,bundesliga,2024-2025
233,Anthony Jung,de GER,DF,Werder Bremen,32,1991,28,1898.0,68.0,62.0,21.1,20,86.0,15,8,23.0,5,1.5,35.0,42.0,-7.0,-0.33,-0.64,bundesliga,2024-2025
234,Josip Juranović,hr CRO,"MF,DF",Union Berlin,28,1995,17,1159.0,68.0,37.9,12.9,13,82.0,8,4,23.0,1,1.24,12.0,19.0,-7.0,-0.54,-0.12,bundesliga,2024-2025
235,David Jurásek,cz CZE,"DF,MF",Hoffenheim,23,2000,14,619.0,44.0,20.2,6.9,6,81.0,2,8,17.0,10,0.57,5.0,15.0,-10.0,-1.45,-1.01,bundesliga,2024-2025
236,Yusuf Kabadayı,de GER,FW,Augsburg,20,2004,5,71.0,14.0,2.3,0.8,0,,0,5,14.0,7,1.4,1.0,1.0,0.0,0.0,0.48,bundesliga,2024-2025
237,Almugera Kabar,de GER,DF,Dortmund,18,2006,5,137.0,27.0,4.5,1.5,1,77.0,0,4,15.0,12,1.2,1.0,4.0,-3.0,-1.97,-2.68,bundesliga,2024-2025
238,Issa Kaboré,bf BFA,MF,Werder Bremen,23,2001,9,308.0,34.0,10.1,3.4,3,65.0,0,6,19.0,3,0.56,9.0,9.0,0.0,0.0,0.1,bundesliga,2024-2025
239,Pavel Kadeřábek,cz CZE,"MF,DF",Hoffenheim,32,1992,24,1576.0,66.0,51.5,17.5,18,81.0,12,6,21.0,4,0.79,27.0,41.0,-14.0,-0.8,-0.31,bundesliga,2024-2025
240,Jakub Kamiński,pl POL,"MF,DF",Wolfsburg,22,2002,22,1130.0,51.0,36.9,12.6,12,80.0,8,10,17.0,9,1.09,23.0,21.0,2.0,0.16,0.16,bundesliga,2024-2025
241,Kevin Kampl,si SVN,MF,RB Leipzig,33,1990,26,1593.0,61.0,52.1,17.7,18,78.0,6,8,23.0,2,1.5,28.0,28.0,0.0,0.0,-0.31,bundesliga,2024-2025
242,Harry Kane,eng ENG,FW,Bayern Munich,31,1993,31,2381.0,77.0,77.8,26.5,28,82.0,15,3,29.0,0,2.52,81.0,18.0,63.0,2.38,1.85,bundesliga,2024-2025
243,Atakan Karazor,tr TUR,MF,Stuttgart,27,1996,32,2618.0,82.0,85.6,29.1,31,84.0,21,1,21.0,0,1.56,56.0,45.0,11.0,0.38,0.38,bundesliga,2024-2025
244,Lennart Karl,de GER,MF,Bayern Munich,16,2008,0,,,,,0,,0,0,,3,,,,,,,bundesliga,2024-2025
245,Silas Katompa,cd COD,"FW,MF",Stuttgart,25,1998,0,,,,,0,,0,0,,1,,,,,,,bundesliga,2024-2025
246,Mikkel Kaufmann,dk DEN,"FW,MF",Heidenheim,23,2001,9,372.0,41.0,12.2,4.1,3,63.0,0,6,31.0,4,0.33,3.0,9.0,-6.0,-1.45,-0.75,bundesliga,2024-2025
247,Yannik Keitel,de GER,MF,Stuttgart,24,2000,11,270.0,25.0,8.8,3.0,2,86.0,0,9,11.0,18,2.18,5.0,4.0,1.0,0.33,0.01,bundesliga,2024-2025
248,Andu Kelati,de GER,MF,Holstein Kiel,21,2002,8,288.0,36.0,9.4,3.2,2,71.0,0,6,25.0,7,0.25,9.0,6.0,3.0,0.94,2.04,bundesliga,2024-2025
249,Thomas Keller,de GER,"MF,DF",Heidenheim,24,1999,6,148.0,25.0,4.8,1.6,2,52.0,0,4,11.0,14,1.17,1.0,4.0,-3.0,-1.82,-1.08,bundesliga,2024-2025
250,Aljoscha Kemlein,de GER,MF,Union Berlin,19,2004,15,922.0,61.0,30.1,10.2,11,77.0,4,4,20.0,4,0.8,6.0,17.0,-11.0,-1.07,-0.86,bundesliga,2024-2025
251,Luca Kerber,de GER,MF,Heidenheim,22,2002,23,783.0,34.0,25.6,8.7,7,62.0,1,16,22.0,9,1.13,12.0,16.0,-4.0,-0.46,0.45,bundesliga,2024-2025
252,Rani Khedira,de GER,MF,Union Berlin,30,1994,32,2723.0,85.0,89.0,30.3,31,87.0,26,1,19.0,1,1.25,34.0,39.0,-5.0,-0.17,2.77,bundesliga,2024-2025
253,Joshua Kimmich,de GER,MF,Bayern Munich,29,1995,33,2847.0,86.0,93.0,31.6,32,89.0,31,1,15.0,0,2.39,90.0,28.0,62.0,1.96,-0.15,bundesliga,2024-2025
254,Carl Klaus,de GER,GK,Union Berlin,30,1994,0,,,,,0,,0,0,,8,,,,,,,bundesliga,2024-2025
255,Daniel Klein,de GER,GK,Augsburg,23,2001,0,,,,,0,,0,0,,5,,,,,,,bundesliga,2024-2025
256,Tim Kleindienst,de GER,FW,Gladbach,28,1995,31,2737.0,88.0,89.4,30.4,31,88.0,23,0,,0,1.35,53.0,49.0,4.0,0.13,1.8,bundesliga,2024-2025
257,Lukas Klostermann,de GER,DF,RB Leipzig,28,1996,28,1838.0,66.0,60.1,20.4,20,85.0,15,8,17.0,3,1.64,26.0,24.0,2.0,0.1,-0.12,bundesliga,2024-2025
258,Ansgar Knauff,de GER,MF,Eintracht Frankfurt,22,2002,30,1597.0,53.0,52.2,17.7,18,72.0,1,12,25.0,1,1.8,36.0,27.0,9.0,0.51,-0.29,bundesliga,2024-2025
259,Magnus Knudsen,no NOR,MF,Holstein Kiel,23,2001,31,1850.0,60.0,60.5,20.6,22,76.0,10,9,20.0,2,0.77,25.0,49.0,-24.0,-1.17,-0.65,bundesliga,2024-2025
260,Gregor Kobel,ch SUI,GK,Dortmund,26,1997,32,2880.0,90.0,94.1,32.0,32,90.0,32,0,,0,1.69,68.0,47.0,21.0,0.66,1.16,bundesliga,2024-2025
261,Robin Koch,de GER,DF,Eintracht Frankfurt,28,1996,30,2586.0,86.0,84.5,28.7,30,86.0,27,0,,0,1.87,62.0,37.0,25.0,0.87,1.44,bundesliga,2024-2025
262,Derrick Köhn,gh GHA,"MF,DF",Werder Bremen,25,1999,27,1343.0,50.0,43.9,14.9,14,77.0,1,13,20.0,4,1.37,23.0,29.0,-6.0,-0.4,-0.56,bundesliga,2024-2025
263,Dominik Kohr,de GER,"DF,MF",Mainz 05,30,1994,28,2295.0,82.0,75.0,25.5,28,82.0,18,0,,0,1.57,40.0,28.0,12.0,0.47,0.47,bundesliga,2024-2025
264,Markus Kolke,de GER,GK,Werder Bremen,33,1990,0,,,,,0,,0,0,,1,,,,,,,bundesliga,2024-2025
265,Marco Komenda,hr CRO,DF,Holstein Kiel,27,1996,19,1307.0,69.0,42.7,14.5,17,76.0,9,2,9.0,6,0.89,22.0,32.0,-10.0,-0.69,0.39,bundesliga,2024-2025
266,Mert Kömür,de GER,MF,Augsburg,19,2005,20,654.0,33.0,21.4,7.3,5,62.0,0,15,23.0,9,1.15,4.0,12.0,-8.0,-1.1,-0.8,bundesliga,2024-2025
267,Noah König,de GER,DF,Hoffenheim,21,2003,0,,,,,0,,0,0,,2,,,,,,,bundesliga,2024-2025
268,Kacper Koscierski,de GER,DF,Bochum,17,2007,1,7.0,7.0,0.2,0.1,0,,0,1,7.0,0,3.0,0.0,0.0,0.0,0.0,1.0,bundesliga,2024-2025
269,Odilon Kossounou,ci CIV,DF,Leverkusen,23,2001,0,,,,,0,,0,0,,1,,,,,,,bundesliga,2024-2025
270,Henri Koudossou,de GER,MF,Augsburg,24,1999,21,748.0,36.0,24.4,8.3,4,78.0,1,17,26.0,5,1.24,11.0,12.0,-1.0,-0.12,0.46,bundesliga,2024-2025
271,Konstantinos Koulierakis,gr GRE,DF,Wolfsburg,20,2003,30,2468.0,82.0,80.7,27.4,28,86.0,24,2,26.0,1,1.33,44.0,40.0,4.0,0.15,0.45,bundesliga,2024-2025
272,Matej Kovar,cz CZE,GK,Leverkusen,24,2000,5,450.0,90.0,14.7,5.0,5,90.0,5,0,,28,2.0,9.0,5.0,4.0,0.8,-0.06,bundesliga,2024-2025
273,Andrej Kramarić,hr CRO,MF,Hoffenheim,33,1991,32,2767.0,86.0,90.4,30.7,32,86.0,18,0,,0,1.0,37.0,59.0,-22.0,-0.72,-0.72,bundesliga,2024-2025
274,Frans Krätzig,de GER,"MF,DF",Heidenheim,21,2003,16,1217.0,76.0,39.8,13.5,15,80.0,5,1,20.0,1,1.06,12.0,18.0,-6.0,-0.44,0.58,bundesliga,2024-2025
275,Frans Krätzig,de GER,DF,Stuttgart,21,2003,1,56.0,56.0,1.8,0.6,1,56.0,0,0,,4,0.0,1.0,2.0,-1.0,-1.61,-1.97,bundesliga,2024-2025
276,Tom Krauß,de GER,MF,Bochum,23,2001,14,1077.0,77.0,35.2,12.0,13,81.0,7,1,28.0,0,0.71,11.0,19.0,-8.0,-0.67,0.51,bundesliga,2024-2025
277,Rasmus Kristensen,dk DEN,"DF,MF",Eintracht Frankfurt,27,1997,30,2513.0,84.0,82.1,27.9,28,86.0,24,2,52.0,0,1.6,50.0,40.0,10.0,0.36,-1.62,bundesliga,2024-2025
278,Lukas Kübler,de GER,DF,Freiburg,31,1992,28,1842.0,66.0,60.2,20.5,22,78.0,8,6,20.0,3,1.46,31.0,35.0,-4.0,-0.2,-0.2,bundesliga,2024-2025
279,Mahmut Kücüksahin,,DF,Augsburg,20,2004,0,,,,,0,,0,0,,2,,,,,,,bundesliga,2024-2025
280,Jonah Kusi-Asare,se SWE,FW,Bayern Munich,17,2007,1,3.0,3.0,0.1,0.0,0,,0,1,3.0,9,3.0,0.0,0.0,0.0,0.0,-1.97,bundesliga,2024-2025
281,Moritz-Broni Kwarteng,gh GHA,MF,Bochum,26,1998,7,172.0,25.0,5.6,1.9,0,,0,7,25.0,4,0.14,1.0,3.0,-2.0,-1.05,-0.05,bundesliga,2024-2025
282,Nediljko Labrović,hr CRO,GK,Augsburg,24,1999,15,1350.0,90.0,44.1,15.0,15,90.0,15,0,,19,1.07,17.0,32.0,-15.0,-1.0,-0.95,bundesliga,2024-2025
283,Konrad Laimer,at AUT,DF,Bayern Munich,27,1997,29,1699.0,59.0,55.5,18.9,19,81.0,12,10,16.0,4,2.38,56.0,20.0,36.0,1.91,-0.14,bundesliga,2024-2025
284,Stefan Lainer,at AUT,DF,Gladbach,31,1992,21,757.0,36.0,24.7,8.4,6,86.0,5,15,16.0,12,1.38,9.0,16.0,-7.0,-0.83,-1.03,bundesliga,2024-2025
285,Hugo Larsson,se SWE,MF,Eintracht Frankfurt,20,2004,33,2393.0,73.0,78.2,26.6,28,81.0,13,5,26.0,0,1.79,50.0,33.0,17.0,0.64,-0.04,bundesliga,2024-2025
286,Diogo Leite,pt POR,DF,Union Berlin,25,1999,30,2546.0,85.0,83.2,28.3,29,86.0,27,1,45.0,0,1.2,31.0,38.0,-7.0,-0.25,1.33,bundesliga,2024-2025
287,Maxim Leitsch,de GER,DF,Mainz 05,26,1998,14,674.0,48.0,22.0,7.5,6,79.0,4,8,25.0,14,1.0,8.0,7.0,1.0,0.13,-0.28,bundesliga,2024-2025
288,David Lelle,de GER,DF,Dortmund,21,2003,0,,,,,0,,0,0,,1,,,,,,,bundesliga,2024-2025
289,Christopher Lenz,de GER,"DF,MF",Hoffenheim,29,1994,0,,,,,0,,0,0,,2,,,,,,,bundesliga,2024-2025
290,Jamie Leweling,de GER,MF,Stuttgart,23,2001,27,1663.0,62.0,54.3,18.5,22,71.0,2,5,22.0,0,1.44,33.0,27.0,6.0,0.32,0.0,bundesliga,2024-2025
291,Philipp Lienhart,at AUT,DF,Freiburg,28,1996,32,2770.0,87.0,90.5,30.8,31,87.0,28,1,71.0,0,1.63,42.0,44.0,-2.0,-0.06,0.56,bundesliga,2024-2025
292,Marin Ljubicic,hr CRO,FW,Union Berlin,22,2002,13,281.0,22.0,9.2,3.1,1,45.0,0,12,20.0,1,1.46,7.0,8.0,-1.0,-0.32,0.17,bundesliga,2024-2025
293,Niklas Lomb,de GER,GK,Leverkusen,31,1993,0,,,,,0,,0,0,,12,,,,,,,bundesliga,2024-2025
294,Noah Loosli,ch SUI,DF,Bochum,27,1997,0,,,,,0,,0,0,,8,,,,,,,bundesliga,2024-2025
295,Anthony Losilla,fr FRA,MF,Bochum,38,1986,21,1137.0,54.0,37.2,12.6,13,72.0,5,8,25.0,11,0.9,11.0,32.0,-21.0,-1.66,-1.05,bundesliga,2024-2025
296,Marcel Lotka,pl POL,GK,Dortmund,23,2001,0,,,,,0,,0,0,,4,,,,,,,bundesliga,2024-2025
297,Yannik Lührs,de GER,DF,Dortmund,20,2003,3,127.0,42.0,4.2,1.4,1,90.0,1,2,19.0,7,0.33,2.0,4.0,-2.0,-1.42,-2.09,bundesliga,2024-2025
298,Castello Lukeba,fr FRA,DF,RB Leipzig,21,2002,23,1577.0,69.0,51.5,17.5,18,83.0,12,5,15.0,1,1.65,31.0,23.0,8.0,0.46,0.64,bundesliga,2024-2025
299,Senne Lynen,be BEL,MF,Werder Bremen,25,1999,32,2733.0,85.0,89.3,30.4,32,85.0,17,0,,0,1.59,49.0,51.0,-2.0,-0.07,0.21,bundesliga,2024-2025
300,Shuto Machino,jp JPN,"FW,MF",Holstein Kiel,24,1999,32,1953.0,61.0,63.8,21.7,23,71.0,8,9,35.0,2,0.69,31.0,52.0,-21.0,-0.97,-0.15,bundesliga,2024-2025
301,Arne Maier,de GER,MF,Augsburg,25,1999,28,938.0,34.0,30.7,10.4,7,62.0,0,21,24.0,4,1.29,12.0,16.0,-4.0,-0.38,0.13,bundesliga,2024-2025
302,Patrick Mainka,de GER,DF,Heidenheim,29,1994,34,3060.0,90.0,100.0,34.0,34,90.0,34,0,,0,0.85,37.0,64.0,-27.0,-0.79,,bundesliga,2024-2025
303,Lovro Majer,hr CRO,MF,Wolfsburg,26,1998,9,304.0,34.0,9.9,3.4,3,65.0,0,6,18.0,0,1.11,7.0,4.0,3.0,0.89,0.92,bundesliga,2024-2025
304,Jordy Makengo,fr FRA,DF,Freiburg,22,2001,19,745.0,39.0,24.3,8.3,7,87.0,5,12,12.0,12,1.84,13.0,19.0,-6.0,-0.72,-0.8,bundesliga,2024-2025
305,Jarzinho Malanga,de GER,MF,Stuttgart,18,2006,1,2.0,2.0,0.1,0.0,0,,0,1,2.0,4,0.0,0.0,0.0,0.0,0.0,-0.32,bundesliga,2024-2025
306,Julián Malatini,ar ARG,DF,Werder Bremen,23,2001,10,454.0,45.0,14.8,5.0,5,79.0,2,5,12.0,21,1.3,10.0,12.0,-2.0,-0.4,-0.36,bundesliga,2024-2025
307,Donyell Malen,nl NED,MF,Dortmund,25,1999,14,614.0,44.0,20.1,6.8,6,72.0,1,8,23.0,2,1.5,15.0,8.0,7.0,1.03,0.55,bundesliga,2024-2025
308,Lennard Maloney,us USA,"MF,DF",Heidenheim,24,1999,11,760.0,69.0,24.8,8.4,10,76.0,4,1,2.0,0,0.91,12.0,21.0,-9.0,-1.07,-0.36,bundesliga,2024-2025
309,Lennard Maloney,us USA,"DF,MF",Mainz 05,24,1999,5,26.0,5.0,0.8,0.3,0,,0,5,5.0,10,2.6,1.0,0.0,1.0,3.46,3.14,bundesliga,2024-2025
310,Filippo Mane,it ITA,DF,Dortmund,19,2005,0,,,,,0,,0,0,,6,,,,,,,bundesliga,2024-2025
311,Johan Manzambi,ch SUI,MF,Freiburg,18,2005,11,335.0,30.0,10.9,3.7,4,66.0,0,7,10.0,9,2.0,9.0,6.0,3.0,0.81,1.04,bundesliga,2024-2025
312,Omar Marmoush,eg EGY,"FW,MF",Eintracht Frankfurt,25,1999,17,1448.0,85.0,47.3,16.1,17,85.0,10,0,,0,1.94,40.0,22.0,18.0,1.12,0.9,bundesliga,2024-2025
313,Giorgos Masouras,gr GRE,FW,Bochum,30,1994,14,1055.0,75.0,34.5,11.7,12,80.0,2,2,45.0,0,0.93,14.0,18.0,-4.0,-0.34,1.01,bundesliga,2024-2025
314,Erhan Mašović,rs SRB,"DF,MF",Bochum,25,1998,16,910.0,57.0,29.7,10.1,10,83.0,9,6,14.0,13,0.81,8.0,25.0,-17.0,-1.68,-0.97,bundesliga,2024-2025
315,Igor Matanovic,hr CRO,FW,Eintracht Frankfurt,21,2003,16,312.0,20.0,10.2,3.5,2,56.0,0,14,14.0,6,1.88,7.0,10.0,-3.0,-0.87,-1.68,bundesliga,2024-2025
316,Chrislain Matsima,fr FRA,DF,Augsburg,22,2002,30,2551.0,85.0,83.4,28.3,28,89.0,26,2,28.0,2,1.3,26.0,37.0,-11.0,-0.39,0.5,bundesliga,2024-2025
317,Jean Mattéo Bahoya,fr FRA,MF,Eintracht Frankfurt,19,2005,24,921.0,38.0,30.1,10.2,10,66.0,0,14,18.0,4,1.54,23.0,11.0,12.0,1.17,0.75,bundesliga,2024-2025
318,Maurides,br BRA,FW,St Pauli,30,1994,1,2.0,2.0,0.1,0.0,0,,0,1,2.0,3,0.0,0.0,0.0,0.0,0.0,0.38,bundesliga,2024-2025
319,Jakov Medić,hr CRO,DF,Bochum,25,1998,23,1603.0,70.0,52.4,17.8,17,88.0,13,6,17.0,10,0.83,14.0,35.0,-21.0,-1.18,-0.38,bundesliga,2024-2025
320,Felix Meiser,de GER,DF,Augsburg,17,2007,0,,,,,0,,0,0,,6,,,,,,,bundesliga,2024-2025
321,Connor Metcalfe,au AUS,"MF,FW",St Pauli,24,1999,10,358.0,36.0,11.7,4.0,3,77.0,1,7,18.0,3,1.1,4.0,5.0,-1.0,-0.25,0.15,bundesliga,2024-2025
322,Karol Mets,ee EST,DF,St Pauli,31,1993,10,900.0,90.0,29.4,10.0,10,90.0,10,0,,0,0.8,7.0,12.0,-5.0,-0.5,-0.17,bundesliga,2024-2025
323,Alexander Meyer,de GER,GK,Dortmund,33,1991,2,180.0,90.0,5.9,2.0,2,90.0,2,0,,31,1.5,3.0,4.0,-1.0,-0.5,-1.16,bundesliga,2024-2025
324,Florian Micheler,at AUT,MF,Hoffenheim,19,2005,1,32.0,32.0,1.0,0.4,0,,0,1,32.0,3,0.0,0.0,0.0,0.0,0.0,0.65,bundesliga,2024-2025
325,Wisdom Mike,de GER,FW,Bayern Munich,15,2008,0,,,,,0,,0,0,,1,,,,,,,bundesliga,2024-2025
326,Enzo Millot,fr FRA,MF,Stuttgart,22,2002,29,1843.0,64.0,60.2,20.5,22,76.0,7,7,24.0,2,1.52,42.0,32.0,10.0,0.49,0.41,bundesliga,2024-2025
327,Kim Min-jae,kr KOR,DF,Bayern Munich,27,1996,27,2283.0,85.0,74.6,25.4,27,85.0,20,0,,3,2.52,73.0,24.0,49.0,1.93,-0.15,bundesliga,2024-2025
328,Maximilian Mittelstädt,de GER,"DF,MF",Stuttgart,27,1997,31,2469.0,80.0,80.7,27.4,28,85.0,18,3,30.0,1,1.32,49.0,43.0,6.0,0.22,-0.54,bundesliga,2024-2025
329,Koji Miyoshi,jp JPN,"MF,FW",Bochum,27,1997,15,464.0,31.0,15.2,5.2,6,50.0,0,9,18.0,6,0.67,3.0,10.0,-7.0,-1.36,-0.42,bundesliga,2024-2025
330,Max Moerstedt,de GER,"FW,MF",Hoffenheim,18,2006,12,451.0,38.0,14.7,5.0,5,65.0,0,7,18.0,7,1.08,4.0,5.0,-1.0,-0.2,0.52,bundesliga,2024-2025
331,David Mokwa,fr FRA,FW,Hoffenheim,20,2004,2,22.0,11.0,0.7,0.2,0,,0,2,11.0,3,1.5,0.0,0.0,0.0,0.0,0.65,bundesliga,2024-2025
332,Steve Mounié,bj BEN,MF,Augsburg,29,1994,16,347.0,22.0,11.3,3.9,1,56.0,0,15,19.0,11,1.0,6.0,5.0,1.0,0.26,0.82,bundesliga,2024-2025
333,Nordi Mukiele,fr FRA,"DF,MF",Leverkusen,26,1997,15,899.0,60.0,29.4,10.0,10,82.0,8,5,16.0,12,2.27,19.0,13.0,6.0,0.6,-0.36,bundesliga,2024-2025
334,Florian Müller,de GER,GK,Freiburg,26,1997,9,753.0,84.0,24.6,8.4,8,90.0,8,1,33.0,19,1.44,12.0,16.0,-4.0,-0.48,-0.48,bundesliga,2024-2025
335,Kevin Müller,de GER,GK,Heidenheim,33,1991,33,2939.0,89.0,96.0,32.7,33,89.0,32,0,,0,0.79,34.0,64.0,-30.0,-0.92,-3.15,bundesliga,2024-2025
336,Marius Müller,de GER,GK,Wolfsburg,31,1993,6,475.0,79.0,15.5,5.3,5,90.0,5,1,25.0,24,1.67,6.0,5.0,1.0,0.19,0.15,bundesliga,2024-2025
337,Thomas Müller,de GER,"MF,FW",Bayern Munich,34,1989,30,1225.0,41.0,40.0,13.6,12,72.0,3,18,20.0,4,2.47,35.0,17.0,18.0,1.32,-1.08,bundesliga,2024-2025
338,Jamal Musiala,de GER,MF,Bayern Munich,21,2003,25,1798.0,72.0,58.8,20.0,21,81.0,9,4,24.0,0,2.44,51.0,18.0,33.0,1.65,-0.77,bundesliga,2024-2025
339,Florent Muslija,xk KVX,"FW,MF",Freiburg,26,1998,9,168.0,19.0,5.5,1.9,0,,0,9,19.0,12,1.78,1.0,3.0,-2.0,-1.07,-1.01,bundesliga,2024-2025
340,Phillipp Mwene,at AUT,MF,Mainz 05,30,1994,32,2607.0,81.0,85.2,29.0,32,81.0,17,0,,0,1.59,47.0,34.0,13.0,0.45,0.65,bundesliga,2024-2025
341,Joakim Mæhle,dk DEN,"DF,MF",Wolfsburg,27,1997,28,2188.0,78.0,71.5,24.3,25,86.0,21,3,11.0,0,1.29,37.0,33.0,4.0,0.16,0.37,bundesliga,2024-2025
342,Nathan N'Goumou,cm CMR,MF,Gladbach,24,2000,19,828.0,44.0,27.1,9.2,9,74.0,0,10,17.0,1,1.63,12.0,14.0,-2.0,-0.22,-0.22,bundesliga,2024-2025
343,Stanley N'Soki,fr FRA,DF,Hoffenheim,25,1999,22,1308.0,59.0,42.7,14.5,16,75.0,10,6,17.0,8,1.09,24.0,29.0,-5.0,-0.34,0.53,bundesliga,2024-2025
344,Abdenego Nankishi,de GER,FW,Werder Bremen,22,2002,0,,,,,0,,0,0,,5,,,,,,,bundesliga,2024-2025
345,Nikolas Nartey,dk DEN,MF,Stuttgart,24,2000,1,22.0,22.0,0.7,0.2,0,,0,1,22.0,0,3.0,1.0,0.0,1.0,4.09,3.79,bundesliga,2024-2025
346,Andrea Natali,it ITA,DF,Leverkusen,16,2008,0,,,,,0,,0,0,,4,,,,,,,bundesliga,2024-2025
347,Paul Nebel,de GER,MF,Mainz 05,21,2002,31,2345.0,76.0,76.6,26.1,26,87.0,17,5,18.0,2,1.52,41.0,28.0,13.0,0.5,0.62,bundesliga,2024-2025
348,Kosta Nedeljković,rs SRB,"DF,MF",RB Leipzig,18,2005,10,479.0,48.0,15.7,5.3,6,69.0,1,4,17.0,4,1.1,7.0,8.0,-1.0,-0.19,-0.4,bundesliga,2024-2025
349,Till Neininger,de GER,DF,Wolfsburg,17,2007,0,,,,,0,,0,0,,4,,,,,,,bundesliga,2024-2025
350,Ivan Nekić,hr CRO,DF,Holstein Kiel,23,2000,1,71.0,71.0,2.3,0.8,1,71.0,0,0,,1,0.0,0.0,3.0,-3.0,-3.8,-2.96,bundesliga,2024-2025
351,David Nemeth,at AUT,DF,St Pauli,23,2001,24,2137.0,89.0,69.8,23.7,24,89.0,19,0,,10,1.0,21.0,29.0,-8.0,-0.34,0.15,bundesliga,2024-2025
352,Luca Netz,de GER,DF,Gladbach,21,2003,24,969.0,40.0,31.7,10.8,8,83.0,4,16,19.0,3,1.25,15.0,16.0,-1.0,-0.09,-0.05,bundesliga,2024-2025
353,Manuel Neuer,de GER,GK,Bayern Munich,38,1986,22,1980.0,90.0,64.7,22.0,22,90.0,22,0,,1,2.64,63.0,15.0,48.0,2.18,0.6,bundesliga,2024-2025
354,Florian Neuhaus,de GER,MF,Gladbach,27,1997,18,382.0,21.0,12.5,4.2,2,83.0,1,16,14.0,12,1.17,5.0,9.0,-4.0,-0.94,-1.01,bundesliga,2024-2025
355,Moritz Nicolas,de GER,GK,Gladbach,26,1997,19,1639.0,86.0,53.6,18.2,19,86.0,18,0,,3,1.63,29.0,25.0,4.0,0.22,0.6,bundesliga,2024-2025
356,Julian Niehues,de GER,MF,Heidenheim,23,2001,8,154.0,19.0,5.0,1.7,0,,0,8,19.0,2,0.63,1.0,3.0,-2.0,-1.17,-0.39,bundesliga,2024-2025
357,Justin Njinmah,de GER,"FW,MF",Werder Bremen,23,2000,26,952.0,37.0,31.1,10.6,10,63.0,1,16,20.0,1,1.38,17.0,14.0,3.0,0.28,0.54,bundesliga,2024-2025
358,Noel Nkili,de GER,MF,Bayern Munich,18,2005,0,,,,,0,,0,0,,2,,,,,,,bundesliga,2024-2025
359,Niels Nkounkou,fr FRA,"MF,DF",Eintracht Frankfurt,23,2000,12,382.0,32.0,12.5,4.2,4,68.0,0,8,14.0,15,1.33,6.0,6.0,0.0,0.0,-0.74,bundesliga,2024-2025
360,Felix Nmecha,de GER,MF,Dortmund,23,2000,26,1509.0,58.0,49.3,16.8,19,73.0,9,7,19.0,0,1.73,40.0,28.0,12.0,0.72,0.25,bundesliga,2024-2025
361,Lukas Nmecha,de GER,FW,Wolfsburg,25,1998,19,467.0,25.0,15.3,5.2,3,68.0,0,16,16.0,1,1.11,14.0,9.0,5.0,0.96,1.07,bundesliga,2024-2025
362,Jonathan Norbye,no NOR,DF,RB Leipzig,17,2007,0,,,,,0,,0,0,,5,,,,,,,bundesliga,2024-2025
363,Arnaud Nordin,fr FRA,"FW,MF",Mainz 05,26,1998,6,80.0,13.0,2.6,0.9,0,,0,6,13.0,7,0.33,0.0,0.0,0.0,0.0,-0.36,bundesliga,2024-2025
364,Alexander Nübel,de GER,GK,Stuttgart,27,1996,34,3060.0,90.0,100.0,34.0,34,90.0,34,0,,0,1.47,64.0,53.0,11.0,0.32,,bundesliga,2024-2025
365,Antonio Nusa,no NOR,"MF,DF",RB Leipzig,19,2005,25,1558.0,62.0,50.9,17.3,16,83.0,10,9,25.0,0,1.52,35.0,27.0,8.0,0.46,0.64,bundesliga,2024-2025
366,David Odogu,de GER,DF,Wolfsburg,18,2006,3,195.0,65.0,6.4,2.2,2,90.0,2,1,15.0,14,0.0,2.0,4.0,-2.0,-0.92,-1.05,bundesliga,2024-2025
367,Eric Oelschlägel,de GER,GK,St Pauli,28,1995,0,,,,,0,,0,0,,10,,,,,,,bundesliga,2024-2025
368,Tim Oermann,de GER,DF,Bochum,20,2003,29,2213.0,76.0,72.3,24.6,26,83.0,19,3,20.0,4,0.72,24.0,45.0,-21.0,-0.85,0.53,bundesliga,2024-2025
369,Oluwaseun Ogbemudia,de GER,DF,Union Berlin,18,2006,0,,,,,0,,0,0,,5,,,,,,,bundesliga,2024-2025
370,Ifechukwu Ogbus,ch SUI,DF,Freiburg,18,2005,2,19.0,10.0,0.6,0.2,0,,0,2,10.0,5,1.5,0.0,0.0,0.0,0.0,0.12,bundesliga,2024-2025
371,Finn Ole Becker,de GER,MF,Hoffenheim,24,2000,13,670.0,52.0,21.9,7.4,7,85.0,5,6,12.0,6,1.08,8.0,13.0,-5.0,-0.67,-0.03,bundesliga,2024-2025
372,Michael Olise,fr FRA,MF,Bayern Munich,22,2001,34,2334.0,69.0,76.3,25.9,28,78.0,10,6,24.0,0,2.41,69.0,23.0,46.0,1.77,-0.83,bundesliga,2024-2025
373,Jonas Omlin,ch SUI,GK,Gladbach,30,1994,12,978.0,82.0,32.0,10.9,11,82.0,9,1,71.0,11,0.83,19.0,26.0,-7.0,-0.64,-0.86,bundesliga,2024-2025
374,Karim Onisiwo,at AUT,MF,Mainz 05,32,1992,6,110.0,18.0,3.6,1.2,1,75.0,0,5,7.0,4,2.17,1.0,2.0,-1.0,-0.82,-1.21,bundesliga,2024-2025
375,Francis Onyeka,de GER,FW,Leverkusen,17,2007,0,,,,,0,,0,0,,10,,,,,,,bundesliga,2024-2025
376,Frank Onyeka,ng NGA,MF,Augsburg,26,1998,31,2586.0,83.0,84.5,28.7,30,85.0,18,1,46.0,0,1.26,25.0,38.0,-13.0,-0.45,0.12,bundesliga,2024-2025
377,Loïs Openda,be BEL,FW,RB Leipzig,24,2000,33,2453.0,74.0,80.2,27.3,28,83.0,12,5,27.0,0,1.52,43.0,41.0,2.0,0.07,-0.37,bundesliga,2024-2025
378,Gift Orban,ng NGA,FW,Hoffenheim,22,2002,13,687.0,53.0,22.5,7.6,7,71.0,0,6,32.0,4,0.77,8.0,13.0,-5.0,-0.66,-0.01,bundesliga,2024-2025
379,Willi Orban,hu HUN,DF,RB Leipzig,31,1992,25,2222.0,89.0,72.6,24.7,25,89.0,23,0,,1,1.6,41.0,33.0,8.0,0.32,0.65,bundesliga,2024-2025
380,Ivan Ordets,ua UKR,DF,Bochum,32,1992,22,1861.0,85.0,60.8,20.7,21,89.0,17,1,1.0,2,0.77,20.0,45.0,-25.0,-1.21,-0.53,bundesliga,2024-2025
381,Patrick Osterhage,de GER,MF,Freiburg,24,2000,30,2267.0,76.0,74.1,25.2,27,83.0,17,3,12.0,1,1.73,35.0,37.0,-2.0,-0.08,0.15,bundesliga,2024-2025
382,Assan Ouedraogo,de GER,MF,RB Leipzig,18,2006,3,50.0,17.0,1.6,0.6,0,,0,3,17.0,2,0.33,1.0,2.0,-1.0,-1.8,-1.98,bundesliga,2024-2025
383,Salih Özcan,tr TUR,MF,Wolfsburg,26,1998,11,353.0,32.0,11.5,3.9,3,75.0,2,8,16.0,7,1.55,5.0,7.0,-2.0,-0.51,-0.64,bundesliga,2024-2025
384,Salih Özcan,tr TUR,MF,Dortmund,26,1998,11,391.0,36.0,12.8,4.3,3,79.0,1,8,19.0,4,2.27,9.0,7.0,2.0,0.46,-0.15,bundesliga,2024-2025
385,Exequiel Palacios,ar ARG,MF,Leverkusen,25,1998,24,1155.0,48.0,37.7,12.8,11,83.0,6,13,18.0,6,2.0,29.0,17.0,12.0,0.94,0.13,bundesliga,2024-2025
386,João Palhinha,pt POR,MF,Bayern Munich,29,1995,17,673.0,40.0,22.0,7.5,6,73.0,3,11,21.0,6,2.59,28.0,10.0,18.0,2.41,0.56,bundesliga,2024-2025
387,Mats Pannewig,de GER,MF,Bochum,19,2004,14,267.0,19.0,8.7,3.0,2,61.0,0,12,12.0,14,0.29,3.0,8.0,-5.0,-1.69,-0.75,bundesliga,2024-2025
388,Kevin Paredes,us USA,MF,Wolfsburg,21,2003,2,123.0,62.0,4.0,1.4,2,62.0,0,0,,3,0.5,1.0,3.0,-2.0,-1.46,-1.59,bundesliga,2024-2025
389,Felix Passlack,de GER,"MF,DF",Bochum,26,1998,31,2334.0,75.0,76.3,25.9,30,77.0,14,1,10.0,0,0.68,21.0,51.0,-30.0,-1.16,-0.66,bundesliga,2024-2025
390,Jordi Paulina,cw CUW,FW,Dortmund,19,2004,0,,,,,0,,0,0,,3,,,,,,,bundesliga,2024-2025
391,Anthony Pavlesic,hr CRO,GK,Bayern Munich,18,2006,0,,,,,0,,0,0,,2,,,,,,,bundesliga,2024-2025
392,Aleksandar Pavlovic,de GER,MF,Bayern Munich,20,2004,21,1451.0,69.0,47.4,16.1,18,76.0,8,3,26.0,3,2.38,50.0,12.0,38.0,2.36,0.73,bundesliga,2024-2025
393,Mads Pedersen,dk DEN,DF,Augsburg,27,1996,7,235.0,34.0,7.7,2.6,2,68.0,1,5,20.0,4,1.0,4.0,8.0,-4.0,-1.53,-1.15,bundesliga,2024-2025
394,Jordan Pefok,us USA,FW,Union Berlin,28,1996,18,908.0,50.0,29.7,10.1,10,72.0,3,8,24.0,2,1.11,7.0,11.0,-4.0,-0.4,0.11,bundesliga,2024-2025
395,Daniel Peretz,il ISR,GK,Bayern Munich,24,2000,3,270.0,90.0,8.8,3.0,3,90.0,3,0,,14,2.0,10.0,5.0,5.0,1.67,-0.33,bundesliga,2024-2025
396,Pavao Pervan,at AUT,GK,Wolfsburg,36,1987,0,,,,,0,,0,0,,10,,,,,,,bundesliga,2024-2025
397,Noah Pesch,hr CRO,FW,Gladbach,19,2005,1,6.0,6.0,0.2,0.1,0,,0,1,6.0,4,0.0,0.0,0.0,0.0,0.0,0.06,bundesliga,2024-2025
398,Luca Philipp,de GER,GK,Hoffenheim,23,2000,6,540.0,90.0,17.6,6.0,6,90.0,6,0,,28,1.0,11.0,15.0,-4.0,-0.67,-0.02,bundesliga,2024-2025
399,Maximilian Philipp,de GER,"FW,MF",Freiburg,30,1994,2,17.0,9.0,0.6,0.2,0,,0,2,9.0,12,3.0,0.0,2.0,-2.0,-10.59,-10.53,bundesliga,2024-2025
400,Tim Philipp,de GER,GK,Hoffenheim,18,2005,0,,,,,0,,0,0,,2,,,,,,,bundesliga,2024-2025
401,Benedikt Pichler,at AUT,FW,Holstein Kiel,27,1997,18,785.0,44.0,25.7,8.7,7,78.0,5,11,22.0,5,0.5,9.0,23.0,-14.0,-1.61,-0.93,bundesliga,2024-2025
402,Amos Pieper,de GER,DF,Werder Bremen,26,1998,23,1498.0,65.0,49.0,16.6,16,83.0,8,7,24.0,9,1.61,21.0,29.0,-8.0,-0.48,-0.77,bundesliga,2024-2025
403,Marvin Pieringer,de GER,FW,Heidenheim,24,1999,31,2206.0,71.0,72.1,24.5,26,77.0,7,5,39.0,0,0.84,28.0,40.0,-12.0,-0.49,1.09,bundesliga,2024-2025
404,Alassane Pléa,fr FRA,MF,Gladbach,31,1993,30,1902.0,63.0,62.2,21.1,24,75.0,6,6,18.0,2,1.17,39.0,34.0,5.0,0.24,0.78,bundesliga,2024-2025
405,Finn Porath,de GER,MF,Holstein Kiel,27,1997,31,1970.0,64.0,64.4,21.9,20,81.0,9,11,32.0,1,0.61,29.0,59.0,-30.0,-1.37,-1.29,bundesliga,2024-2025
406,Yussuf Poulsen,dk DEN,"MF,FW",RB Leipzig,30,1994,22,378.0,17.0,12.4,4.2,2,64.0,0,20,13.0,2,1.45,3.0,2.0,1.0,0.24,0.1,bundesliga,2024-2025
407,Alexander Prass,at AUT,"MF,DF",Hoffenheim,23,2001,23,1566.0,68.0,51.2,17.4,19,78.0,7,4,20.0,4,1.0,24.0,30.0,-6.0,-0.34,0.62,bundesliga,2024-2025
408,David Preu,de GER,MF,Union Berlin,19,2004,5,121.0,24.0,4.0,1.3,1,60.0,0,4,15.0,2,1.2,1.0,2.0,-1.0,-0.74,-0.28,bundesliga,2024-2025
409,Grischa Prömel,de GER,MF,Hoffenheim,29,1995,2,174.0,87.0,5.7,1.9,2,87.0,1,0,,0,1.5,4.0,5.0,-1.0,-0.52,0.14,bundesliga,2024-2025
410,Ivan Prtajin,hr CRO,FW,Union Berlin,28,1996,5,161.0,32.0,5.3,1.8,2,58.0,0,3,15.0,7,0.8,1.0,1.0,0.0,0.0,0.5,bundesliga,2024-2025
411,Tymoteusz Puchacz,pl POL,MF,Holstein Kiel,25,1999,10,396.0,40.0,12.9,4.4,5,54.0,0,5,25.0,4,0.4,6.0,10.0,-4.0,-0.91,0.0,bundesliga,2024-2025
412,Leopold Querfeld,at AUT,DF,Union Berlin,20,2003,27,1747.0,65.0,57.1,19.4,17,87.0,14,10,26.0,6,1.19,22.0,35.0,-13.0,-0.67,-0.46,bundesliga,2024-2025
413,Robert Ramsak,de GER,FW,RB Leipzig,17,2006,0,,,,,0,,0,0,,2,,,,,,,bundesliga,2024-2025
414,Grant Ranos,am ARM,FW,Gladbach,21,2003,2,20.0,10.0,0.7,0.2,0,,0,2,10.0,5,0.0,1.0,2.0,-1.0,-4.5,-4.47,bundesliga,2024-2025
415,Simeon Rapsch,de GER,GK,Leverkusen,16,2008,0,,,,,0,,0,0,,1,,,,,,,bundesliga,2024-2025
416,David Raum,de GER,"MF,DF",RB Leipzig,26,1998,22,1783.0,81.0,58.3,19.8,21,84.0,15,1,9.0,1,1.43,33.0,26.0,7.0,0.35,0.49,bundesliga,2024-2025
417,Rocco Reitz,de GER,MF,Gladbach,22,2002,27,1830.0,68.0,59.8,20.3,21,82.0,5,6,19.0,0,1.3,32.0,32.0,0.0,0.0,0.15,bundesliga,2024-2025
418,Nicolai Remberg,de GER,MF,Holstein Kiel,24,2000,32,2417.0,76.0,79.0,26.9,26,89.0,25,6,18.0,0,0.78,39.0,62.0,-23.0,-0.86,0.26,bundesliga,2024-2025
419,Elvis Rexhbeçaj,xk KVX,MF,Augsburg,26,1997,27,1785.0,66.0,58.3,19.8,22,77.0,10,5,20.0,4,1.3,27.0,37.0,-10.0,-0.5,-0.08,bundesliga,2024-2025
420,Gio Reyna,us USA,MF,Dortmund,21,2002,16,350.0,22.0,11.4,3.9,3,72.0,0,13,10.0,10,1.69,10.0,3.0,7.0,1.8,1.37,bundesliga,2024-2025
421,Marco Richter,de GER,"FW,MF",Mainz 05,26,1997,0,,,,,0,,0,0,,1,,,,,,,bundesliga,2024-2025
422,Fabian Rieder,ch SUI,MF,Stuttgart,22,2002,21,867.0,41.0,28.3,9.6,8,71.0,1,13,23.0,11,1.24,16.0,16.0,0.0,0.0,-0.45,bundesliga,2024-2025
423,Lasse Rieß,de GER,GK,Mainz 05,23,2001,2,180.0,90.0,5.9,2.0,2,90.0,2,0,,32,2.0,5.0,2.0,3.0,1.5,1.22,bundesliga,2024-2025
424,Lars Ritzka,de GER,"MF,DF",St Pauli,26,1998,21,922.0,44.0,30.1,10.2,11,67.0,1,10,19.0,8,0.9,8.0,11.0,-3.0,-0.29,0.13,bundesliga,2024-2025
425,Mads Roerslev,dk DEN,DF,Wolfsburg,25,1999,7,298.0,43.0,9.7,3.3,2,74.0,1,5,30.0,4,1.43,6.0,5.0,1.0,0.3,0.27,bundesliga,2024-2025
426,Merlin Röhl,de GER,MF,Freiburg,22,2002,19,965.0,51.0,31.5,10.7,11,72.0,1,8,22.0,2,1.74,11.0,18.0,-7.0,-0.65,-0.78,bundesliga,2024-2025
427,Lasse Rosenboom,de GER,MF,Holstein Kiel,22,2002,26,1734.0,67.0,56.7,19.3,21,77.0,12,5,25.0,8,0.88,29.0,44.0,-15.0,-0.78,0.31,bundesliga,2024-2025
428,Max Rosenfelder,de GER,DF,Freiburg,21,2003,25,1249.0,50.0,40.8,13.9,13,80.0,7,12,18.0,2,1.6,20.0,28.0,-8.0,-0.58,-0.78,bundesliga,2024-2025
429,Tom Rothe,de GER,"MF,DF",Union Berlin,19,2004,26,1670.0,64.0,54.6,18.6,19,79.0,10,7,25.0,4,1.08,24.0,34.0,-10.0,-0.54,-0.15,bundesliga,2024-2025
430,Anthony Rouault,fr FRA,DF,Stuttgart,23,2001,18,1212.0,67.0,39.6,13.5,14,81.0,9,4,20.0,0,1.72,21.0,20.0,1.0,0.07,-0.41,bundesliga,2024-2025
431,Jérôme Roussillon,fr FRA,DF,Union Berlin,31,1993,7,136.0,19.0,4.4,1.5,1,61.0,0,6,13.0,10,1.14,0.0,2.0,-2.0,-1.32,-0.89,bundesliga,2024-2025
432,Julian Ryerson,no NOR,"DF,MF",Dortmund,26,1997,29,2259.0,78.0,73.8,25.1,27,82.0,12,2,29.0,0,1.62,53.0,35.0,18.0,0.72,0.49,bundesliga,2024-2025
433,Frederik Rønnow,dk DEN,GK,Union Berlin,31,1992,28,2520.0,90.0,82.4,28.0,28,90.0,28,0,,0,1.21,31.0,37.0,-6.0,-0.21,1.45,bundesliga,2024-2025
434,Elias Saad,tn TUN,"FW,MF",St Pauli,24,1999,18,900.0,50.0,29.4,10.0,10,71.0,1,8,24.0,2,0.83,7.0,14.0,-7.0,-0.7,-0.45,bundesliga,2024-2025
435,Marcel Sabitzer,at AUT,MF,Dortmund,30,1994,26,1616.0,62.0,52.8,18.0,18,77.0,9,8,30.0,1,1.46,32.0,27.0,5.0,0.28,-0.66,bundesliga,2024-2025
436,Faik Sakar,de GER,MF,RB Leipzig,16,2008,1,1.0,1.0,0.0,0.0,0,,0,1,1.0,3,3.0,0.0,0.0,0.0,0.0,-0.15,bundesliga,2024-2025
437,Manolis Saliakas,gr GRE,MF,St Pauli,27,1996,30,2314.0,77.0,75.6,25.7,26,85.0,14,4,28.0,1,1.07,23.0,28.0,-5.0,-0.19,0.77,bundesliga,2024-2025
438,Roland Sallai,hu HUN,"DF,FW",Freiburg,27,1997,2,46.0,23.0,1.5,0.5,0,,0,2,23.0,0,1.5,0.0,1.0,-1.0,-1.96,-1.87,bundesliga,2024-2025
439,Diadie Samassékou,ml MLI,MF,Hoffenheim,28,1996,8,290.0,36.0,9.5,3.2,6,47.0,0,2,4.0,6,0.88,2.0,8.0,-6.0,-1.86,-1.34,bundesliga,2024-2025
440,Philipp Sander,de GER,MF,Gladbach,26,1998,27,1400.0,52.0,45.8,15.6,16,79.0,5,11,13.0,1,1.37,24.0,24.0,0.0,0.0,0.11,bundesliga,2024-2025
441,James Sands,us USA,MF,St Pauli,24,2000,7,453.0,65.0,14.8,5.0,5,86.0,4,2,12.0,0,1.0,5.0,4.0,1.0,0.2,0.68,bundesliga,2024-2025
442,Leroy Sané,de GER,MF,Bayern Munich,28,1996,30,1637.0,55.0,53.5,18.2,17,79.0,7,13,23.0,2,2.4,53.0,21.0,32.0,1.76,-0.45,bundesliga,2024-2025
443,Kaishu Sano,jp JPN,MF,Mainz 05,23,2000,34,3043.0,90.0,99.4,33.8,34,90.0,32,0,,0,1.53,55.0,43.0,12.0,0.35,0.35,bundesliga,2024-2025
444,Kauã Santos,br BRA,GK,Eintracht Frankfurt,21,2003,9,765.0,85.0,25.0,8.5,8,90.0,8,1,45.0,20,2.11,18.0,12.0,6.0,0.71,0.08,bundesliga,2024-2025
445,Alejo Sarco,ar ARG,FW,Leverkusen,18,2006,0,,,,,0,,0,0,,5,,,,,,,bundesliga,2024-2025
446,Joe Scally,us USA,DF,Gladbach,21,2002,32,2578.0,81.0,84.2,28.6,30,84.0,19,2,35.0,1,1.41,51.0,47.0,4.0,0.14,1.26,bundesliga,2024-2025
447,András Schäfer,hu HUN,MF,Union Berlin,25,1999,26,1534.0,59.0,50.1,17.0,17,78.0,4,9,23.0,7,1.27,18.0,26.0,-8.0,-0.47,0.0,bundesliga,2024-2025
448,Patrik Schick,cz CZE,FW,Leverkusen,28,1996,31,1684.0,54.0,55.0,18.7,19,77.0,8,12,18.0,2,2.0,47.0,27.0,20.0,1.07,0.48,bundesliga,2024-2025
449,Stefan Schimmer,de GER,FW,Heidenheim,30,1994,13,247.0,19.0,8.1,2.7,0,,0,13,19.0,6,0.23,1.0,6.0,-5.0,-1.82,-1.12,bundesliga,2024-2025
450,Xaver Schlager,at AUT,MF,RB Leipzig,26,1997,4,181.0,45.0,5.9,2.0,2,70.0,0,2,21.0,1,1.5,5.0,5.0,0.0,0.0,-0.16,bundesliga,2024-2025
451,Keven Schlotterbeck,de GER,DF,Augsburg,27,1997,18,1297.0,72.0,42.4,14.4,15,81.0,11,3,28.0,10,1.28,20.0,24.0,-4.0,-0.28,0.34,bundesliga,2024-2025
452,Nico Schlotterbeck,de GER,DF,Dortmund,24,1999,23,1982.0,86.0,64.8,22.0,23,86.0,21,0,,0,1.39,37.0,32.0,5.0,0.23,-1.03,bundesliga,2024-2025
453,Mick Schmetgens,de GER,MF,Werder Bremen,16,2007,0,,,,,0,,0,0,,1,,,,,,,bundesliga,2024-2025
454,Romano Schmid,at AUT,MF,Werder Bremen,24,2000,32,2834.0,89.0,92.6,31.5,32,89.0,20,0,,0,1.59,51.0,50.0,1.0,0.03,1.62,bundesliga,2024-2025
455,Kenneth Schmidt,de GER,DF,Freiburg,22,2002,0,,,,,0,,0,0,,1,,,,,,,bundesliga,2024-2025
456,Max Schmitt,de GER,GK,Bayern Munich,18,2006,0,,,,,0,,0,0,,2,,,,,,,bundesliga,2024-2025
457,Marvin Schmitz,de GER,MF,St Pauli,17,2007,0,,,,,0,,0,0,,9,,,,,,,bundesliga,2024-2025
458,Jan Schöppner,de GER,MF,Heidenheim,25,1999,33,2681.0,81.0,87.6,29.8,32,83.0,22,1,20.0,0,0.88,35.0,51.0,-16.0,-0.54,2.08,bundesliga,2024-2025
459,Marvin Schulz,de GER,"DF,MF",Holstein Kiel,29,1995,12,306.0,26.0,10.0,3.4,3,62.0,0,9,13.0,12,0.92,2.0,11.0,-9.0,-2.65,-1.93,bundesliga,2024-2025
460,Alexander Schwolow,de GER,GK,Union Berlin,32,1992,6,540.0,90.0,17.6,6.0,6,90.0,6,0,,26,1.0,5.0,13.0,-8.0,-1.33,-1.05,bundesliga,2024-2025
461,Léo Scienza,br BRA,"MF,FW",Heidenheim,25,1998,25,1153.0,46.0,37.7,12.8,13,61.0,2,12,30.0,6,0.6,14.0,26.0,-12.0,-0.94,-0.23,bundesliga,2024-2025
462,Ronny Seibt,de GER,GK,St Pauli,19,2005,0,,,,,0,,0,0,,1,,,,,,,bundesliga,2024-2025
463,Nicolas Seiwald,at AUT,"MF,DF",RB Leipzig,23,2001,30,2084.0,69.0,68.1,23.2,20,86.0,15,10,37.0,2,1.47,38.0,36.0,2.0,0.09,-0.19,bundesliga,2024-2025
464,Benjamin Šeško,si SVN,"FW,MF",RB Leipzig,21,2003,33,2380.0,72.0,77.8,26.4,30,78.0,9,3,18.0,0,1.52,41.0,34.0,7.0,0.26,0.53,bundesliga,2024-2025
465,Armindo Sieb,de GER,"MF,FW",Mainz 05,21,2003,27,762.0,28.0,24.9,8.5,5,55.0,0,22,22.0,7,1.56,15.0,10.0,5.0,0.59,0.32,bundesliga,2024-2025
466,Tim Siersleben,de GER,DF,Heidenheim,24,2000,16,1182.0,74.0,38.6,13.1,14,82.0,10,2,14.0,18,1.13,11.0,22.0,-11.0,-0.84,-0.07,bundesliga,2024-2025
467,Kiliann Sildillia,fr FRA,DF,Freiburg,22,2002,21,801.0,38.0,26.2,8.9,8,85.0,6,13,9.0,8,1.95,11.0,10.0,1.0,0.11,0.31,bundesliga,2024-2025
468,Amil Siljević,de GER,GK,Eintracht Frankfurt,17,2007,0,,,,,0,,0,0,,1,,,,,,,bundesliga,2024-2025
469,André Silva,pt POR,FW,Werder Bremen,28,1995,7,375.0,54.0,12.3,4.2,4,71.0,0,3,30.0,7,0.86,4.0,12.0,-8.0,-1.92,-2.09,bundesliga,2024-2025
470,André Silva,pt POR,FW,RB Leipzig,28,1995,8,132.0,17.0,4.3,1.5,0,,0,8,17.0,9,1.63,4.0,5.0,-1.0,-0.68,-0.87,bundesliga,2024-2025
471,Mohamed Simakan,fr FRA,DF,RB Leipzig,24,2000,1,54.0,54.0,1.8,0.6,1,54.0,0,0,,0,3.0,0.0,0.0,0.0,0.0,-0.15,bundesliga,2024-2025
472,Xavi Simons,nl NED,MF,RB Leipzig,21,2003,25,2150.0,86.0,70.3,23.9,25,86.0,18,0,,0,1.6,38.0,28.0,10.0,0.42,0.91,bundesliga,2024-2025
473,Danel Sinani,lu LUX,"FW,MF",St Pauli,27,1997,26,1250.0,48.0,40.8,13.9,14,81.0,1,12,10.0,7,0.96,10.0,18.0,-8.0,-0.58,-0.33,bundesliga,2024-2025
474,Tobias Sippel,de GER,GK,Gladbach,36,1988,1,59.0,59.0,1.9,0.7,0,,0,1,59.0,14,0.0,0.0,3.0,-3.0,-4.58,-4.61,bundesliga,2024-2025
475,Ibrahima Sissoko,ml MLI,MF,Bochum,26,1997,32,2610.0,82.0,85.3,29.0,30,85.0,15,2,36.0,0,0.72,27.0,57.0,-30.0,-1.03,-0.23,bundesliga,2024-2025
476,Tim Skarke,de GER,"FW,MF",Union Berlin,27,1996,33,1164.0,35.0,38.0,12.9,11,58.0,0,22,24.0,1,1.21,12.0,19.0,-7.0,-0.54,-0.11,bundesliga,2024-2025
477,Ellyes Skhiri,tn TUN,MF,Eintracht Frankfurt,29,1995,30,2231.0,74.0,72.9,24.8,26,83.0,18,4,18.0,2,1.87,50.0,32.0,18.0,0.73,0.29,bundesliga,2024-2025
478,Leo Skiri Østigård,no NOR,DF,Hoffenheim,24,1999,11,927.0,84.0,30.3,10.3,11,84.0,10,0,,0,0.91,15.0,22.0,-7.0,-0.68,-0.05,bundesliga,2024-2025
479,Andreas Skov Olsen,dk DEN,"MF,FW",Wolfsburg,24,1999,12,535.0,45.0,17.5,5.9,4,75.0,1,8,29.0,4,1.17,9.0,9.0,0.0,0.0,-0.07,bundesliga,2024-2025
480,Robert Skov,dk DEN,"MF,DF",Union Berlin,28,1996,15,852.0,57.0,27.8,9.5,11,71.0,2,4,18.0,5,0.8,12.0,14.0,-2.0,-0.21,0.36,bundesliga,2024-2025
481,Steven Skrzybski,de GER,"FW,MF",Holstein Kiel,31,1992,24,1323.0,55.0,43.2,14.7,15,69.0,3,9,32.0,0,0.79,23.0,28.0,-5.0,-0.34,1.01,bundesliga,2024-2025
482,Eric Smith,se SWE,"DF,MF",St Pauli,27,1997,32,2827.0,88.0,92.4,31.4,32,88.0,30,0,,0,0.81,24.0,41.0,-17.0,-0.54,-2.09,bundesliga,2024-2025
483,Anton Stach,de GER,"MF,DF",Hoffenheim,25,1998,30,2585.0,86.0,84.5,28.7,29,88.0,24,1,45.0,0,1.03,40.0,50.0,-10.0,-0.35,1.93,bundesliga,2024-2025
484,Jens Stage,dk DEN,MF,Werder Bremen,27,1996,28,2204.0,79.0,72.0,24.5,26,83.0,17,2,27.0,1,1.57,38.0,35.0,3.0,0.12,0.75,bundesliga,2024-2025
485,Veit Stange,de GER,MF,Gladbach,20,2004,0,,,,,0,,0,0,,1,,,,,,,bundesliga,2024-2025
486,Josip Stanišić,hr CRO,DF,Bayern Munich,24,2000,14,876.0,63.0,28.6,9.7,9,87.0,8,5,19.0,2,2.21,26.0,12.0,14.0,1.44,-0.75,bundesliga,2024-2025
487,Niklas Stark,de GER,DF,Werder Bremen,29,1995,26,2106.0,81.0,68.8,23.4,25,84.0,17,1,13.0,1,1.65,38.0,37.0,1.0,0.04,0.42,bundesliga,2024-2025
488,Emil Staugaard,dk DEN,DF,St Pauli,22,2001,0,,,,,0,,0,0,,3,,,,,,,bundesliga,2024-2025
489,Pascal Stenzel,de GER,DF,Stuttgart,28,1996,10,290.0,29.0,9.5,3.2,4,62.0,0,6,7.0,21,1.3,7.0,5.0,2.0,0.62,0.33,bundesliga,2024-2025
490,Artem Stepanov,ua UKR,FW,Leverkusen,16,2007,0,,,,,0,,0,0,,8,,,,,,,bundesliga,2024-2025
491,Leonidas Stergiou,ch SUI,DF,Stuttgart,22,2002,12,852.0,71.0,27.8,9.5,11,77.0,5,1,2.0,4,1.58,17.0,15.0,2.0,0.21,-0.16,bundesliga,2024-2025
492,Finley Stevens,wls WAL,DF,St Pauli,21,2003,1,1.0,1.0,0.0,0.0,0,,0,1,1.0,14,3.0,1.0,0.0,1.0,90.0,90.41,bundesliga,2024-2025
493,Angelo Stiller,de GER,MF,Stuttgart,23,2001,32,2741.0,86.0,89.6,30.5,31,87.0,28,1,34.0,0,1.38,52.0,51.0,1.0,0.03,-2.79,bundesliga,2024-2025
494,Kevin Stöger,at AUT,MF,Gladbach,30,1993,31,1551.0,50.0,50.7,17.2,16,79.0,7,15,19.0,3,1.23,23.0,34.0,-11.0,-0.64,-1.18,bundesliga,2024-2025
495,Lars Strobl,de GER,DF,Hoffenheim,19,2005,0,,,,,0,,0,0,,1,,,,,,,bundesliga,2024-2025
496,Yann Sturm,de GER,FW,Freiburg,19,2005,0,,,,,0,,0,0,,2,,,,,,,bundesliga,2024-2025
497,Niklas Süle,de GER,DF,Dortmund,28,1995,15,1053.0,70.0,34.4,11.7,12,80.0,5,3,31.0,6,2.07,27.0,18.0,9.0,0.77,0.28,bundesliga,2024-2025
498,Mattias Svanberg,se SWE,MF,Wolfsburg,25,1999,20,1219.0,61.0,39.8,13.5,14,78.0,4,6,20.0,2,1.25,25.0,20.0,5.0,0.37,0.52,bundesliga,2024-2025
499,Daniel Svensson,se SWE,"MF,DF",Dortmund,22,2002,12,781.0,65.0,25.5,8.7,8,89.0,7,4,18.0,0,2.33,28.0,11.0,17.0,1.96,1.84,bundesliga,2024-2025
500,Niklas Swider,de GER,MF,Gladbach,17,2007,0,,,,,0,,0,0,,4,,,,,,,bundesliga,2024-2025
501,Attila Szalai,hu HUN,"DF,MF",Hoffenheim,26,1998,0,,,,,0,,0,0,,1,,,,,,,bundesliga,2024-2025
502,Haris Tabakovic,ba BIH,FW,Hoffenheim,30,1994,22,821.0,37.0,26.8,9.1,6,74.0,1,16,24.0,8,0.91,16.0,17.0,-1.0,-0.11,0.73,bundesliga,2024-2025
503,Jonathan Tah,de GER,DF,Leverkusen,28,1996,33,2970.0,90.0,97.1,33.0,33,90.0,33,0,,0,2.0,71.0,43.0,28.0,0.85,-0.15,bundesliga,2024-2025
504,Edmond Tapsoba,bf BFA,DF,Leverkusen,25,1999,29,2507.0,86.0,81.9,27.9,29,86.0,24,0,,2,1.93,58.0,37.0,21.0,0.75,-0.55,bundesliga,2024-2025
505,Mathys Tel,fr FRA,MF,Bayern Munich,19,2005,8,256.0,32.0,8.4,2.8,2,60.0,0,6,23.0,9,2.13,6.0,3.0,3.0,1.05,-1.0,bundesliga,2024-2025
506,Nathan Tella,ng NGA,"MF,FW",Leverkusen,25,1999,27,1359.0,50.0,44.4,15.1,17,68.0,1,10,20.0,3,1.93,29.0,14.0,15.0,0.99,0.25,bundesliga,2024-2025
507,Martin Terrier,fr FRA,"MF,FW",Leverkusen,27,1997,15,584.0,39.0,19.1,6.5,7,61.0,0,8,20.0,0,2.4,17.0,10.0,7.0,1.08,0.28,bundesliga,2024-2025
508,Arthur Theate,be BEL,DF,Eintracht Frankfurt,24,2000,31,2704.0,87.0,88.4,30.0,31,87.0,26,0,,0,1.74,57.0,39.0,18.0,0.6,-0.41,bundesliga,2024-2025
509,Norman Theuerkauf,de GER,"DF,MF",Heidenheim,37,1987,1,22.0,22.0,0.7,0.2,0,,0,1,22.0,16,0.0,0.0,1.0,-1.0,-4.09,-3.32,bundesliga,2024-2025
510,Denis Thomalla,de GER,"FW,MF",Heidenheim,31,1992,1,4.0,4.0,0.1,0.0,0,,0,1,4.0,0,0.0,0.0,1.0,-1.0,-22.5,-21.73,bundesliga,2024-2025
511,Phillip Tietz,de GER,FW,Augsburg,27,1997,34,1686.0,50.0,55.1,18.7,19,71.0,4,15,22.0,0,1.26,25.0,29.0,-4.0,-0.21,0.57,bundesliga,2024-2025
512,Umut Tohumcu,de GER,MF,Hoffenheim,19,2004,12,375.0,31.0,12.3,4.2,3,68.0,1,9,19.0,8,0.75,8.0,10.0,-2.0,-0.48,0.19,bundesliga,2024-2025
513,Mohammed Tolba,de GER,DF,Bochum,20,2004,0,,,,,0,,0,0,,2,,,,,,,bundesliga,2024-2025
514,John Tolkin,us USA,"MF,DF",Holstein Kiel,22,2002,11,737.0,67.0,24.1,8.2,9,79.0,5,2,11.0,2,0.91,14.0,17.0,-3.0,-0.37,0.72,bundesliga,2024-2025
515,Tiago Tomás,pt POR,"MF,FW",Wolfsburg,22,2002,32,1884.0,59.0,61.6,20.9,23,74.0,4,9,21.0,1,1.16,29.0,29.0,0.0,0.0,-0.15,bundesliga,2024-2025
516,Keke Topp,de GER,FW,Werder Bremen,20,2004,19,252.0,13.0,8.2,2.8,1,45.0,0,18,12.0,3,1.63,7.0,5.0,2.0,0.71,0.87,bundesliga,2024-2025
517,Bazoumana Touré,ci CIV,"MF,FW",Hoffenheim,18,2006,13,609.0,47.0,19.9,6.8,7,74.0,1,6,15.0,1,0.85,12.0,17.0,-5.0,-0.74,-0.11,bundesliga,2024-2025
518,Lucas Tousart,fr FRA,MF,Union Berlin,27,1997,15,561.0,37.0,18.3,6.2,6,64.0,0,9,20.0,11,1.47,6.0,9.0,-3.0,-0.48,-0.01,bundesliga,2024-2025
519,Omar Traoré,de GER,"DF,MF",Heidenheim,26,1998,30,2616.0,87.0,85.5,29.1,30,87.0,24,0,,2,0.87,32.0,53.0,-21.0,-0.72,0.49,bundesliga,2024-2025
520,Kevin Trapp,de GER,GK,Eintracht Frankfurt,34,1990,26,2295.0,88.0,75.0,25.5,26,88.0,25,0,,0,1.69,50.0,34.0,16.0,0.63,-0.08,bundesliga,2024-2025
521,Philipp Treu,de GER,MF,St Pauli,23,2000,33,2881.0,87.0,94.2,32.0,33,87.0,29,0,,0,0.97,27.0,38.0,-11.0,-0.34,0.66,bundesliga,2024-2025
522,Christopher Trimmel,at AUT,"MF,DF",Union Berlin,37,1987,26,1740.0,67.0,56.9,19.3,20,81.0,11,6,21.0,7,1.38,20.0,28.0,-8.0,-0.41,0.13,bundesliga,2024-2025
523,Tuta,br BRA,"DF,MF",Eintracht Frankfurt,25,1999,30,2274.0,76.0,74.3,25.3,26,85.0,19,4,16.0,0,1.9,54.0,34.0,20.0,0.79,0.56,bundesliga,2024-2025
524,Lukas Ullrich,de GER,DF,Gladbach,20,2004,26,1903.0,73.0,62.2,21.1,24,77.0,5,2,25.0,3,1.35,38.0,38.0,0.0,0.0,0.16,bundesliga,2024-2025
525,Sven Ulreich,de GER,GK,Bayern Munich,35,1988,1,90.0,90.0,2.9,1.0,1,90.0,1,0,,15,3.0,5.0,0.0,5.0,5.0,3.12,bundesliga,2024-2025
526,Deniz Undav,de GER,"FW,MF",Stuttgart,28,1996,27,1726.0,64.0,56.4,19.2,20,79.0,10,7,21.0,0,1.37,36.0,31.0,5.0,0.26,-0.14,bundesliga,2024-2025
527,Dayot Upamecano,fr FRA,DF,Bayern Munich,25,1998,20,1759.0,88.0,57.5,19.5,20,88.0,16,0,,2,2.5,60.0,16.0,44.0,2.25,0.66,bundesliga,2024-2025
528,Jonas Urbig,de GER,GK,Bayern Munich,20,2003,8,720.0,90.0,23.5,8.0,8,90.0,8,0,,7,1.88,21.0,12.0,9.0,1.13,-1.11,bundesliga,2024-2025
529,Can Uzun,tr TUR,MF,Eintracht Frankfurt,18,2005,20,675.0,34.0,22.1,7.5,6,66.0,0,14,20.0,13,1.4,17.0,7.0,10.0,1.33,0.88,bundesliga,2024-2025
530,Josha Vagnoman,de GER,"DF,MF",Stuttgart,23,2000,26,1834.0,71.0,59.9,20.4,19,86.0,12,7,29.0,2,1.73,38.0,32.0,6.0,0.29,-0.07,bundesliga,2024-2025
531,Siebe Van Der Heyden,be BEL,"DF,MF",St Pauli,26,1998,13,872.0,67.0,28.5,9.7,11,76.0,5,2,19.0,0,0.77,6.0,13.0,-7.0,-0.72,-0.48,bundesliga,2024-2025
532,Maarten Vandevoordt,be BEL,GK,RB Leipzig,22,2002,6,429.0,72.0,14.0,4.8,4,90.0,4,2,35.0,28,1.33,9.0,9.0,0.0,0.0,-0.17,bundesliga,2024-2025
533,Ruben Vargas,ch SUI,MF,Augsburg,25,1998,8,305.0,38.0,10.0,3.4,3,63.0,0,5,23.0,2,0.5,3.0,12.0,-9.0,-2.66,-2.43,bundesliga,2024-2025
534,Nikola Vasilj,ba BIH,GK,St Pauli,28,1995,33,2969.0,90.0,97.0,33.0,33,90.0,32,0,,0,0.94,26.0,39.0,-13.0,-0.39,-0.39,bundesliga,2024-2025
535,Denis Vavro,sk SVK,DF,Wolfsburg,28,1996,29,2461.0,85.0,80.4,27.3,27,89.0,25,2,33.0,2,1.34,45.0,42.0,3.0,0.11,0.26,bundesliga,2024-2025
536,Miloš Veljković,rs SRB,DF,Werder Bremen,28,1995,14,1029.0,74.0,33.6,11.4,11,85.0,9,3,31.0,4,0.93,19.0,25.0,-6.0,-0.52,-0.66,bundesliga,2024-2025
537,Nikolas Veratschnig,at AUT,MF,Mainz 05,21,2003,15,364.0,24.0,11.9,4.0,2,77.0,0,13,16.0,12,1.27,6.0,8.0,-2.0,-0.49,-0.96,bundesliga,2024-2025
538,Arthur Vermeeren,be BEL,MF,RB Leipzig,19,2005,28,1572.0,56.0,51.4,17.5,18,72.0,3,10,28.0,4,1.36,31.0,30.0,1.0,0.06,-0.18,bundesliga,2024-2025
539,Yorbe Vertessen,be BEL,"MF,FW",Union Berlin,23,2001,17,718.0,42.0,23.5,8.0,7,69.0,0,10,24.0,1,0.94,7.0,10.0,-3.0,-0.38,0.12,bundesliga,2024-2025
540,Gabriel Vidovic,hr CRO,MF,Bayern Munich,20,2003,4,24.0,6.0,0.8,0.3,0,,0,4,6.0,8,3.0,0.0,0.0,0.0,0.0,-1.99,bundesliga,2024-2025
541,Gabriel Vidovic,hr CRO,MF,Mainz 05,20,2003,1,4.0,4.0,0.1,0.0,0,,0,1,4.0,2,0.0,0.0,0.0,0.0,0.0,-0.35,bundesliga,2024-2025
542,Kevin Vogt,de GER,DF,Union Berlin,32,1991,18,1367.0,76.0,44.7,15.2,16,82.0,10,2,29.0,5,1.0,12.0,19.0,-7.0,-0.46,0.02,bundesliga,2024-2025
543,Kevin Volland,de GER,"FW,MF",Union Berlin,32,1992,4,61.0,15.0,2.0,0.7,0,,0,4,15.0,9,0.25,1.0,1.0,0.0,0.0,0.48,bundesliga,2024-2025
544,Lionel Voufack,de GER,DF,RB Leipzig,16,2007,0,,,,,0,,0,0,,5,,,,,,,bundesliga,2024-2025
545,Aster Vranckx,be BEL,MF,Wolfsburg,21,2002,14,556.0,40.0,18.2,6.2,6,75.0,2,8,13.0,7,1.21,7.0,13.0,-6.0,-0.97,-1.26,bundesliga,2024-2025
546,Robert Wagner,de GER,MF,St Pauli,21,2003,12,407.0,34.0,13.3,4.5,5,66.0,1,7,11.0,2,0.58,2.0,8.0,-6.0,-1.33,-1.09,bundesliga,2024-2025
547,Elye Wahi,fr FRA,FW,Eintracht Frankfurt,21,2003,8,196.0,25.0,6.4,2.2,1,71.0,0,7,18.0,3,1.63,1.0,9.0,-8.0,-3.67,-4.62,bundesliga,2024-2025
548,Hauke Wahl,de GER,DF,St Pauli,30,1994,33,2970.0,90.0,97.1,33.0,33,90.0,33,0,,0,0.97,26.0,38.0,-12.0,-0.36,0.64,bundesliga,2024-2025
549,Mika Walther,de GER,MF,RB Leipzig,16,2007,0,,,,,0,,0,0,,1,,,,,,,bundesliga,2024-2025
550,Paul Wanner,de GER,"MF,FW",Heidenheim,18,2005,29,1771.0,61.0,57.9,19.7,20,74.0,3,9,33.0,4,0.72,18.0,38.0,-20.0,-1.02,-0.53,bundesliga,2024-2025
551,Kjell-Arik Wätjen,de GER,MF,Dortmund,18,2006,2,16.0,8.0,0.5,0.2,0,,0,2,8.0,9,2.0,0.0,1.0,-1.0,-5.63,-6.25,bundesliga,2024-2025
552,Julian Weigl,de GER,MF,Gladbach,28,1995,33,2881.0,87.0,94.2,32.0,33,87.0,26,0,,0,1.27,49.0,54.0,-5.0,-0.16,-1.66,bundesliga,2024-2025
553,Timon Weiner,de GER,GK,Holstein Kiel,25,1999,25,2250.0,90.0,73.5,25.0,25,90.0,25,0,,7,0.68,37.0,61.0,-24.0,-0.96,-0.18,bundesliga,2024-2025
554,Nelson Weiper,de GER,FW,Mainz 05,19,2005,23,704.0,31.0,23.0,7.8,7,71.0,1,16,13.0,6,1.35,9.0,8.0,1.0,0.13,-0.29,bundesliga,2024-2025
555,Mitchell Weiser,de GER,MF,Werder Bremen,30,1994,32,2868.0,90.0,93.7,31.9,32,90.0,30,0,,0,1.5,50.0,52.0,-2.0,-0.06,0.41,bundesliga,2024-2025
556,Noah Weißhaupt,de GER,"FW,MF",St Pauli,22,2001,19,1160.0,61.0,37.9,12.9,13,77.0,1,6,28.0,0,0.95,10.0,12.0,-2.0,-0.16,0.37,bundesliga,2024-2025
557,Noah Weißhaupt,de GER,"FW,MF",Freiburg,22,2001,3,80.0,27.0,2.6,0.9,0,,0,3,27.0,8,1.33,0.0,1.0,-1.0,-1.13,-1.03,bundesliga,2024-2025
558,Silvan Widmer,ch SUI,MF,Mainz 05,31,1993,27,504.0,19.0,16.5,5.6,3,73.0,0,24,12.0,6,1.48,5.0,6.0,-1.0,-0.18,-0.64,bundesliga,2024-2025
559,Patrick Wimmer,at AUT,"MF,FW",Wolfsburg,23,2001,29,1770.0,61.0,57.8,19.7,22,73.0,4,7,24.0,0,1.31,31.0,31.0,0.0,0.0,-0.14,bundesliga,2024-2025
560,Jonas Wind,dk DEN,"FW,MF",Wolfsburg,25,1999,31,1966.0,63.0,64.2,21.8,21,81.0,9,10,27.0,2,1.19,30.0,31.0,-1.0,-0.05,-0.29,bundesliga,2024-2025
561,Florian Wirtz,de GER,MF,Leverkusen,21,2003,31,2351.0,76.0,76.8,26.1,25,87.0,17,6,28.0,0,1.94,58.0,32.0,26.0,1.0,0.61,bundesliga,2024-2025
562,Dani de Wit,nl NED,"MF,FW",Bochum,26,1998,28,1153.0,41.0,37.7,12.8,11,78.0,5,17,17.0,5,0.75,14.0,40.0,-26.0,-2.03,-1.65,bundesliga,2024-2025
563,Maximilian Wittek,de GER,"DF,MF",Bochum,28,1995,33,2706.0,82.0,88.4,30.1,32,84.0,21,1,13.0,0,0.67,27.0,64.0,-37.0,-1.23,-1.99,bundesliga,2024-2025
564,Marius Wolf,de GER,MF,Augsburg,29,1995,32,2144.0,67.0,70.1,23.8,28,74.0,5,4,21.0,0,1.34,21.0,32.0,-11.0,-0.46,0.03,bundesliga,2024-2025
565,Nick Woltemade,de GER,"FW,MF",Stuttgart,22,2002,28,1622.0,58.0,53.0,18.0,17,82.0,9,11,21.0,5,1.36,39.0,28.0,11.0,0.61,0.61,bundesliga,2024-2025
566,Jeong Woo-yeong,kr KOR,"MF,FW",Union Berlin,24,1999,23,1263.0,55.0,41.3,14.0,17,66.0,1,6,25.0,0,1.13,15.0,22.0,-7.0,-0.5,-0.05,bundesliga,2024-2025
567,Granit Xhaka,ch SUI,MF,Leverkusen,31,1992,33,2888.0,88.0,94.4,32.1,33,88.0,29,0,,1,2.06,69.0,39.0,30.0,0.93,1.46,bundesliga,2024-2025
568,Julien Yanda,de GER,DF,St Pauli,16,2007,0,,,,,0,,0,0,,1,,,,,,,bundesliga,2024-2025
569,Erencan Yardimci,tr TUR,FW,Hoffenheim,22,2002,8,313.0,39.0,10.2,3.5,3,71.0,0,5,20.0,5,1.13,4.0,9.0,-5.0,-1.44,-0.88,bundesliga,2024-2025
570,Dan-Axel Zagadou,fr FRA,DF,Stuttgart,25,1999,2,29.0,15.0,0.9,0.3,0,,0,2,15.0,1,3.0,2.0,1.0,1.0,3.1,2.81,bundesliga,2024-2025
571,David Zec,si SVN,DF,Holstein Kiel,24,2000,18,1541.0,86.0,50.4,17.1,18,86.0,14,0,,0,0.94,28.0,39.0,-11.0,-0.64,0.54,bundesliga,2024-2025
572,Robin Zentner,de GER,GK,Mainz 05,29,1994,32,2880.0,90.0,94.1,32.0,32,90.0,32,0,,0,1.5,50.0,41.0,9.0,0.28,-1.22,bundesliga,2024-2025
573,Cedric Zesiger,ch SUI,DF,Augsburg,26,1998,15,1221.0,81.0,39.9,13.6,15,81.0,10,0,,0,1.33,10.0,12.0,-2.0,-0.15,0.54,bundesliga,2024-2025
574,Cedric Zesiger,ch SUI,DF,Wolfsburg,26,1998,7,522.0,75.0,17.1,5.8,5,90.0,5,2,36.0,9,1.43,12.0,12.0,0.0,0.0,-0.07,bundesliga,2024-2025
575,Michael Zetterer,de GER,GK,Werder Bremen,29,1995,34,3060.0,90.0,100.0,34.0,34,90.0,34,0,,0,1.5,54.0,57.0,-3.0,-0.09,,bundesliga,2024-2025
576,Leopold Zingerle,de GER,GK,RB Leipzig,30,1994,0,,,,,0,,0,0,,14,,,,,,,bundesliga,2024-2025
577,Budu Zivzivadze,ge GEO,FW,Heidenheim,30,1994,15,958.0,64.0,31.3,10.6,10,84.0,8,5,23.0,0,1.07,13.0,16.0,-3.0,-0.28,0.75,bundesliga,2024-2025
578,Luka Đurić,rs SRB,MF,Hoffenheim,21,2003,0,,,,,0,,0,0,,1,,,,,,,bundesliga,2024-2025
579,Maik Łukowicz,pl POL,FW,Werder Bremen,29,1995,0,,,,,0,,0,0,,1,,,,,,,bundesliga,2024-2025
